-- phpMyAdmin SQL Dump
-- version 4.8.5
-- https://www.phpmyadmin.net/
--
-- Host: 127.0.0.1
-- Generation Time: May 25, 2019 at 09:40 PM
-- Server version: 10.1.38-MariaDB
-- PHP Version: 7.3.2

SET SQL_MODE = "NO_AUTO_VALUE_ON_ZERO";
SET AUTOCOMMIT = 0;
START TRANSACTION;
SET time_zone = "+00:00";


/*!40101 SET @OLD_CHARACTER_SET_CLIENT=@@CHARACTER_SET_CLIENT */;
/*!40101 SET @OLD_CHARACTER_SET_RESULTS=@@CHARACTER_SET_RESULTS */;
/*!40101 SET @OLD_COLLATION_CONNECTION=@@COLLATION_CONNECTION */;
/*!40101 SET NAMES utf8mb4 */;

--
-- Database: `jms`
--

-- --------------------------------------------------------

--
-- Table structure for table `categories`
--

CREATE TABLE `categories` (
  `category_id` int(11) NOT NULL,
  `category_name` varchar(255) NOT NULL,
  `gst_id` int(11) NOT NULL,
  `deleted` int(1) NOT NULL DEFAULT '0',
  `created_at` datetime NOT NULL,
  `updated_at` datetime NOT NULL,
  `deleted_at` datetime NOT NULL,
  `created_by` int(11) NOT NULL,
  `updated_by` int(11) NOT NULL,
  `deleted_by` int(11) NOT NULL
) ENGINE=InnoDB DEFAULT CHARSET=latin1;

--
-- Dumping data for table `categories`
--

INSERT INTO `categories` (`category_id`, `category_name`, `gst_id`, `deleted`, `created_at`, `updated_at`, `deleted_at`, `created_by`, `updated_by`, `deleted_by`) VALUES
(1, 'Gold', 1, 0, '2019-04-29 19:51:41', '0000-00-00 00:00:00', '0000-00-00 00:00:00', 0, 0, 0),
(2, 'Silver', 2, 0, '2019-04-29 19:51:53', '0000-00-00 00:00:00', '0000-00-00 00:00:00', 0, 0, 0),
(4, 'New For Gst', 9, 1, '2019-05-03 20:57:24', '0000-00-00 00:00:00', '0000-00-00 00:00:00', 0, 0, 0),
(5, 'Platinum', 9, 1, '2019-05-25 18:29:31', '0000-00-00 00:00:00', '0000-00-00 00:00:00', 0, 0, 0),
(6, '11233', 9, 1, '2019-05-25 18:29:43', '0000-00-00 00:00:00', '0000-00-00 00:00:00', 0, 0, 0);

-- --------------------------------------------------------

--
-- Table structure for table `customers`
--

CREATE TABLE `customers` (
  `customer_id` int(11) NOT NULL,
  `customer_name` varchar(255) NOT NULL,
  `customer_address` text NOT NULL,
  `customer_email` varchar(255) NOT NULL,
  `customer_contact` varchar(13) NOT NULL,
  `deleted` int(1) NOT NULL DEFAULT '0',
  `created_at` datetime NOT NULL DEFAULT CURRENT_TIMESTAMP,
  `updated_at` datetime NOT NULL,
  `deleted_at` datetime NOT NULL,
  `created_by` int(11) NOT NULL,
  `updated_by` int(11) NOT NULL,
  `deleted_by` int(11) NOT NULL
) ENGINE=InnoDB DEFAULT CHARSET=latin1;

--
-- Dumping data for table `customers`
--

INSERT INTO `customers` (`customer_id`, `customer_name`, `customer_address`, `customer_email`, `customer_contact`, `deleted`, `created_at`, `updated_at`, `deleted_at`, `created_by`, `updated_by`, `deleted_by`) VALUES
(601, 'Birdie Pollich', '01491 Pagac Village Apt. 599\nHaleyport, SC 22272', 'francesca.heller@example.org', '(124)899-0993', 0, '1991-10-28 15:32:07', '2016-01-10 16:12:46', '1981-10-08 05:21:58', 1, 0, 1),
(605, 'Dr. Sam Nolan', '74939 Deondre Rue\nWest Denamouth, WV 97657-3735', 'johnson.stephany@example.org', '02812283035', 0, '2016-07-25 10:56:43', '1995-08-15 02:46:10', '1975-01-21 20:10:05', 1, 0, 1),
(606, 'Verna Jenkins III', '7802 Aniya Forge\nJohnstonchester, IA 05739-3703', 'corkery.frieda@example.com', '(920)252-8385', 0, '2010-07-20 00:45:00', '1996-08-10 20:16:37', '1998-01-15 23:22:09', 1, 0, 1),
(608, 'Enid Stracke II', '38293 Julian Pike Apt. 985\nCharleybury, VA 91431-3778', 'renner.winona@example.org', '1-219-518-563', 0, '1970-11-25 01:10:15', '1995-09-20 20:08:57', '1996-05-28 08:14:14', 1, 1, 0),
(614, 'Kathryne Buckridge', '3470 Hilma Gateway Suite 299\nNew Westley, SD 56980-1356', 'corbin85@example.net', '463-447-8075', 0, '2016-09-12 05:03:52', '1979-02-27 03:54:17', '1975-11-03 10:04:45', 1, 0, 1),
(619, 'Morgan Metz', '348 Dickens Drive Apt. 517\nNorth Arianeberg, DE 24717-4796', 'ypurdy@example.org', '947-116-1655', 0, '1980-03-20 20:47:36', '1971-07-24 13:24:34', '2002-08-08 08:58:30', 1, 1, 1),
(620, 'Casimer Brekke IV', '25115 Funk Points Suite 629\nConnborough, HI 54907', 'oboyer@example.com', '839-784-5005x', 0, '2005-04-01 18:54:36', '2005-11-03 06:01:14', '2017-07-12 17:32:33', 1, 1, 0),
(622, 'Mr. Ransom Herzog Sr.', '2503 Muller Burg Suite 002\nOberbrunnerton, MI 62262', 'adell10@example.net', '020-886-9185x', 0, '2007-07-20 12:25:34', '1995-05-31 22:18:32', '1993-09-05 20:11:36', 1, 1, 1),
(624, 'Verlie Ziemann', '04142 Reynolds Isle Apt. 630\nMurazikfurt, LA 61573-4876', 'rohan.annalise@example.com', '1-096-145-118', 0, '1991-12-10 08:30:55', '1991-11-21 03:26:15', '1995-10-08 23:01:49', 0, 0, 0),
(625, 'Mrs. Gwendolyn Hegmann', '0969 Claire Spring\nNorth Peggieborough, LA 78677', 'ewelch@example.org', '459.276.7748', 0, '2017-06-02 01:23:45', '1996-10-02 12:11:11', '2001-05-15 20:04:13', 1, 0, 0),
(626, 'Jesse Harvey', '747 Lilliana Port\nDaynaville, OH 10230-7589', 'idonnelly@example.org', '876.539.9459', 0, '1982-08-12 15:30:16', '2009-05-31 12:02:42', '1979-02-11 22:18:28', 1, 1, 0),
(627, 'Mr. Tyrel Koss', '52144 Alessandro Mountain Suite 483\nNew Russelfort, KS 31562-9600', 'vschaden@example.net', '08196723847', 0, '1999-03-04 05:06:55', '2008-09-07 21:13:27', '1996-12-05 21:41:08', 1, 1, 0),
(628, 'Afton Keebler', '5540 Kuhn Alley Suite 074\nEast Don, RI 08654-6775', 'jamal94@example.com', '1-698-778-621', 0, '1975-04-21 05:22:20', '1983-09-07 13:48:06', '1988-12-18 03:30:27', 0, 0, 1),
(629, 'Oswaldo O\'Kon', '123 Brandi Circles\nNew Victoria, NY 84737-4863', 'orin10@example.net', '200-083-4680x', 0, '2008-08-06 01:49:56', '1979-03-12 14:03:20', '1979-01-05 12:50:09', 0, 1, 1),
(630, 'Tara Halvorson', '47831 Martin Highway Suite 432\nLucasport, NC 24557-4297', 'eusebio.hoppe@example.com', '507.225.5683x', 0, '1997-03-14 03:10:01', '1990-01-12 21:35:31', '2015-06-12 01:35:36', 0, 1, 1),
(631, 'Ezequiel Bednar', '6491 Olson Overpass Suite 897\nNorth Diamond, OH 86516-1039', 'ahowe@example.com', '1-220-015-263', 0, '1993-01-26 02:14:14', '1986-04-05 13:12:17', '2006-03-22 16:08:37', 0, 1, 1),
(634, 'Eve Buckridge', '74631 Silas Camp\nMorarland, KY 28564-7170', 'axel.gleason@example.com', '1-462-703-536', 0, '2003-07-03 17:08:52', '2009-06-10 22:19:57', '1991-11-10 13:19:00', 0, 0, 0),
(635, 'Guido Morar', '81291 Homenick Street Apt. 335\nHodkiewiczshire, AK 73547-1741', 'nyah.cormier@example.com', '(849)215-7290', 0, '1992-04-13 21:49:15', '2005-09-20 04:47:51', '1980-01-08 14:09:52', 0, 1, 1),
(636, 'Ambrose Upton', '69234 Ole Cape\nHermanchester, CA 80460', 'sblock@example.com', '1-533-901-281', 0, '1998-05-28 17:34:23', '1986-11-01 09:22:15', '2017-08-14 14:12:03', 1, 1, 1),
(637, 'Ms. Haven Witting MD', '344 Kassandra Haven\nGottliebborough, NY 99234-0877', 'rippin.jamir@example.com', '(784)197-7237', 0, '1988-07-28 08:05:36', '1976-03-22 16:44:50', '1973-12-16 08:29:54', 1, 0, 1),
(639, 'Mikel Grimes', '27207 Rachael Center Apt. 497\nHuelsborough, MD 81320', 'antwan97@example.net', '(247)873-4176', 0, '1989-03-27 04:19:51', '1985-07-30 18:43:47', '1974-09-04 21:34:13', 0, 0, 1),
(640, 'Efren Bergstrom', '7067 Botsford Summit\nNew Benshire, DE 59847-7531', 'eriberto10@example.net', '040.677.8624', 0, '2010-12-07 12:29:02', '1994-03-21 08:20:34', '2015-06-14 04:55:46', 0, 1, 0),
(642, 'Mr. Terrill Kiehn', '09720 Billie Mall Suite 185\nMelisafort, TN 78652', 'zkozey@example.net', '+53(4)3011224', 0, '2014-08-29 22:27:32', '2016-05-15 15:25:29', '2002-09-28 19:29:31', 0, 1, 1),
(643, 'Prof. Edwardo Schiller', '74200 Rhea Ranch Suite 168\nLake Leonard, MT 52947', 'beth.kovacek@example.net', '1-563-659-825', 0, '2012-07-02 12:46:43', '1979-08-22 00:54:33', '1995-06-30 17:21:33', 1, 0, 0),
(644, 'Wiley Morar', '6402 Mayert Gardens Apt. 503\nHermistonville, IN 39109', 'jesse49@example.org', '+01(2)9237520', 0, '1991-09-29 19:28:57', '2003-04-28 15:39:29', '1987-09-09 09:46:31', 1, 0, 1),
(651, 'Annalise Rippin', '60847 West Light\nShieldsland, WI 81962', 'kgrady@example.com', '1-073-596-548', 0, '2015-07-05 09:17:20', '2007-03-16 20:15:39', '2002-11-20 08:45:47', 1, 0, 0),
(652, 'Miss Delfina Ziemann DDS', '11388 Oberbrunner Passage\nNew Antonia, ME 98480-7178', 'letha81@example.net', '748.325.5675x', 0, '2008-10-18 13:29:55', '1993-07-19 18:58:45', '1992-12-10 12:30:41', 1, 1, 0),
(653, 'Easton Cronin', '79055 Berta Tunnel Suite 592\nWest Raulborough, LA 44221-4208', 'sbrakus@example.net', '322-823-8816x', 0, '1982-10-27 09:32:52', '2010-11-20 14:46:07', '2009-09-14 19:57:18', 0, 0, 1),
(654, 'Ena Willms', '488 Greenholt Prairie\nLake Lyda, SD 94584-6431', 'alessandra.hane@example.net', '921-415-5404x', 0, '2003-11-24 05:54:08', '2012-09-15 00:37:30', '2017-01-29 23:30:45', 0, 1, 1),
(655, 'Marques Aufderhar', '2547 Garnett Canyon\nArnoldside, VT 12368-4044', 'ewald31@example.org', '029-282-2079', 0, '1975-07-15 22:29:42', '2016-09-04 04:13:05', '1996-11-28 10:41:01', 1, 0, 0),
(657, 'Letitia Schuppe', '3961 David Inlet Apt. 324\nHaneborough, WI 85237', 'silas.hyatt@example.org', '1-738-914-180', 0, '2018-09-18 19:13:17', '2001-11-10 02:59:21', '1981-02-17 13:54:08', 0, 1, 1),
(658, 'Cierra Leuschke', '98928 Mallie Roads Apt. 714\nSouth Shanon, ND 74574', 'marion.parker@example.org', '103-678-2672', 0, '1987-03-04 15:49:07', '1974-05-31 09:25:58', '1990-12-22 13:28:54', 0, 1, 0),
(660, 'Peggie Ebert', '5486 Emmet Rest Suite 879\nBoganbury, MA 90373-4066', 'hbernhard@example.net', '205-938-1809', 0, '1983-01-02 17:49:41', '2018-10-13 10:29:25', '1986-11-17 01:29:33', 0, 0, 0),
(662, 'Mr. Gillian Dooley Jr.', '0979 Lauretta Garden Suite 671\nGerholdland, ND 58605-7495', 'fabiola.quitzon@example.net', '(699)520-7422', 0, '2010-01-01 09:45:09', '1981-09-21 09:34:26', '2010-11-07 15:46:38', 0, 0, 0),
(663, 'Jennie Mayer', '6949 Gorczany Throughway\nJusticebury, UT 22041-5091', 'alejandra36@example.org', '1-569-909-556', 0, '2014-06-03 02:15:32', '1980-05-17 19:00:54', '1977-03-25 06:15:01', 1, 1, 1),
(664, 'Waylon Champlin', '1218 Dora Brook Apt. 333\nPort Cathrynburgh, TX 30304-0648', 'justice.jaskolski@example.net', '01598772379', 0, '1982-02-23 05:00:01', '2009-11-17 00:46:03', '1993-01-27 22:33:11', 0, 1, 1),
(665, 'Prof. Darrion Wuckert', '9156 Baby Streets\nStammhaven, KS 66540', 'bruen.okey@example.org', '(911)014-6073', 0, '2001-08-10 21:56:59', '2002-10-18 04:29:10', '1997-02-26 12:50:49', 1, 1, 1),
(666, 'Zechariah Pagac', '607 Leta Cliff Apt. 166\nShanahanmouth, NC 76656-6787', 'dina73@example.org', '033-357-8012', 0, '1979-03-03 18:42:37', '1976-08-02 23:11:23', '2015-01-07 10:03:30', 0, 1, 0),
(667, 'Alyce Dietrich', '19285 Feil Parkways\nGrimesburgh, NJ 30009-0902', 'neal.dibbert@example.net', '1-503-026-907', 0, '1974-05-02 00:09:23', '2013-07-11 03:12:20', '1977-04-26 05:33:12', 0, 0, 1),
(668, 'Brian Hills Sr.', '190 Deckow Crossing\nChamplinstad, NH 21032-2261', 'skuhn@example.net', '581-588-0305x', 0, '1970-05-12 14:31:20', '2000-05-08 04:54:16', '1976-03-27 01:12:40', 1, 0, 0),
(669, 'Christopher Berge IV', '2922 Dickinson Overpass Suite 221\nEast Demarcofurt, NC 65291-8157', 'jettie81@example.org', '06583603552', 0, '2005-12-27 07:29:33', '1996-08-19 00:21:03', '2005-09-11 10:47:44', 1, 1, 1),
(671, 'Dock Tromp', '881 Adrienne Fork\nGerlachhaven, NH 35345', 'dejah74@example.net', '1-101-802-572', 0, '2011-10-03 08:05:35', '2017-11-16 09:52:03', '2019-02-15 22:13:56', 1, 1, 0),
(672, 'Dovie Barrows', '02047 Nitzsche Fort Suite 244\nSouth Karellechester, WI 58359-1895', 'orland49@example.org', '(715)950-4501', 0, '2016-10-02 02:48:04', '1982-09-11 03:43:43', '1989-04-09 12:52:29', 1, 0, 1),
(676, 'Malika Goyette', '464 Benedict Garden Apt. 044\nNorth Turnerfurt, KY 22477', 'paucek.destin@example.org', '1-354-438-907', 0, '2004-04-27 19:51:30', '1981-06-16 17:15:25', '1972-03-06 00:34:02', 1, 0, 1),
(677, 'Prof. Davonte Walsh', '5391 Maverick Vista Suite 298\nHaskellville, MT 33411', 'uwatsica@example.com', '348-273-8826', 0, '1976-01-09 10:35:46', '1988-10-28 05:57:24', '1974-09-20 18:32:29', 0, 1, 1),
(679, 'Cristina Strosin', '5497 Trantow Greens\nJohannmouth, MN 47039', 'cale90@example.com', '870-795-5926x', 0, '1978-12-12 18:08:39', '1975-03-12 07:47:11', '1991-11-12 19:51:28', 1, 1, 1),
(680, 'Randal O\'Keefe', '1923 Turcotte Way Suite 100\nEast Lelandborough, WA 90509', 'tcummerata@example.org', '(736)976-0429', 0, '1970-12-02 00:37:59', '2007-04-22 08:26:22', '1976-08-15 22:31:57', 1, 1, 1),
(683, 'Prof. Larry Auer DVM', '92874 Emmerich Trail Apt. 837\nMerrittville, MA 06000-6921', 'meghan.berge@example.org', '+84(3)5463334', 0, '1992-07-07 17:00:10', '2012-07-12 08:03:31', '2001-02-05 11:55:16', 0, 1, 1),
(684, 'Kelvin Batz', '5971 Carmel Corner Apt. 055\nBartellfort, NE 95128', 'stokes.katlynn@example.com', '1-254-965-268', 0, '2011-02-23 19:32:34', '1986-09-20 15:14:13', '2009-11-12 15:06:20', 0, 1, 0),
(686, 'Ms. Ciara O\'Reilly', '95609 Makayla Trail\nMullerbury, NY 93838', 'hcummings@example.com', '264-284-9974x', 0, '2002-07-22 01:10:03', '1972-06-26 04:17:32', '1987-02-14 02:43:46', 0, 0, 1),
(687, 'Damon McClure', '65378 Enrique Crossing Suite 873\nSouth Danika, NY 36028', 'fwhite@example.org', '1-355-904-950', 0, '1981-06-19 16:16:18', '1997-11-04 20:55:38', '1981-05-29 04:10:37', 0, 0, 0),
(690, 'Verner Huels', '918 Schultz Isle\nEast Sheilaville, NE 28700-5400', 'lowe.kenyatta@example.com', '027-470-1184x', 0, '1971-06-08 07:29:30', '1984-04-29 23:08:29', '2017-07-14 21:08:10', 1, 0, 1),
(691, 'Dr. Sam Towne', '22019 Milan Mountains Suite 120\nPort Ola, CA 54616-9553', 'donnell64@example.com', '1-385-131-810', 0, '2013-09-18 05:50:20', '2010-12-31 07:26:23', '1971-01-01 10:49:45', 1, 0, 1),
(693, 'Hillard Lemke Jr.', '84775 Lemuel Court Apt. 820\nSouth Arely, NH 50381', 'kunde.eulah@example.net', '(763)266-2120', 0, '1977-05-18 22:53:23', '1979-07-16 16:17:04', '2014-02-13 16:46:23', 1, 1, 0),
(694, 'Meta Rowe', '15409 Ledner Terrace\nBergeton, CT 58698', 'aliyah59@example.com', '1-438-095-419', 0, '1984-02-21 10:01:41', '1995-07-25 05:51:42', '1983-11-05 17:04:32', 1, 0, 1),
(696, 'Everette Miller MD', '182 Johns Stream\nNorth Nikolastown, IN 32057-9649', 'wuckert.amari@example.com', '(889)872-3663', 0, '2013-02-16 17:35:55', '2007-09-07 08:33:58', '2015-07-13 22:04:03', 1, 1, 0),
(698, 'Dr. Dewitt Wolf MD', '19171 Goyette Burgs\nWest Agustinafurt, KY 33975', 'yleuschke@example.com', '804-359-7986x', 0, '2015-07-10 19:24:37', '1989-03-04 08:28:58', '2007-11-28 02:04:48', 0, 1, 0),
(699, 'Darrion Quitzon III', '8156 Americo Trace\nConroyburgh, OR 60830', 'candida38@example.net', '1-339-279-896', 0, '2010-04-18 12:05:01', '1986-11-01 03:43:19', '1978-02-23 21:06:59', 0, 0, 1),
(700, 'Annabel Reilly PhD', '54729 Demond Mills Suite 946\nNorth Marquisside, OH 93460', 'keebler.madie@example.net', '1-275-574-125', 0, '1987-10-16 18:18:59', '1988-09-09 12:17:58', '1991-05-07 13:59:20', 0, 1, 0),
(701, 'Prof. Otha Zboncak I', '2992 Beatty Shores Apt. 420\nJordanside, IA 23544-2944', 'price.david@example.net', '276-108-1974x', 0, '2007-09-16 03:43:12', '2001-06-12 03:36:41', '2017-04-14 18:15:12', 0, 0, 0),
(702, 'Katlyn Marks', '649 Bradford Overpass\nSouth Francoton, OR 80899', 'furman72@example.com', '(659)244-4351', 0, '1999-04-10 21:10:57', '2001-12-10 19:50:36', '2018-11-02 04:32:51', 0, 1, 1),
(703, 'Prof. Hadley Yundt IV', '4272 McCullough Stravenue\nNew Michaela, VA 13978', 'mskiles@example.com', '744-723-2115x', 0, '1999-10-19 22:21:44', '2017-07-03 05:11:48', '2011-10-13 09:06:15', 0, 1, 0),
(704, 'Flavio Purdy MD', '28500 Beahan Gardens\nZionbury, CO 11326', 'abshire.luciano@example.net', '04785663077', 0, '1991-08-07 22:02:03', '2014-02-20 17:06:24', '2010-04-12 23:09:18', 1, 1, 0),
(706, 'Miss Brigitte Ferry', '3091 Magali Forge Suite 833\nSouth Lloyd, TX 61408', 'kessler.joanie@example.org', '046-684-4858x', 0, '1983-03-18 15:49:36', '2011-10-17 07:43:03', '2005-12-10 22:46:04', 1, 0, 0),
(710, 'Thelma Grant', '5282 Quitzon Meadows\nLudwigside, MO 53492', 'bogan.elmore@example.net', '06360379052', 0, '2019-02-27 04:36:07', '1999-12-14 05:42:17', '1980-02-14 20:15:18', 0, 1, 1),
(711, 'Dr. Yasmeen Kuhlman DDS', '1135 Glennie Spurs\nGoldnerville, KY 45032-6610', 'elena50@example.net', '663.942.4756x', 0, '1977-05-30 15:06:55', '1991-02-11 02:33:03', '2000-09-28 05:18:57', 1, 1, 1),
(714, 'Marta Schroeder', '2894 Albin Curve Apt. 264\nEast Adell, WI 22051-7915', 'jamil.luettgen@example.net', '463-511-2671', 0, '2000-10-13 11:25:55', '2007-09-25 09:52:36', '1971-05-09 19:11:40', 1, 0, 1),
(715, 'Prof. Maddison Bartell', '1357 Kieran Cliffs\nCatharinefort, SC 47471-4795', 'fannie.cronin@example.org', '01736328368', 0, '2001-12-05 20:12:31', '1989-06-28 00:47:08', '1987-03-06 16:46:03', 1, 0, 0),
(716, 'Mrs. Vilma Heidenreich DVM', '6084 Rubye Roads\nPort Emiliano, RI 48054', 'rafael94@example.net', '170.833.0189x', 0, '1991-11-16 16:51:32', '1992-08-30 03:16:17', '1970-09-29 07:19:19', 1, 1, 1),
(717, 'Mr. Garfield Quitzon', '51117 Ledner Vista\nPourosland, ID 42640', 'qlangosh@example.net', '03634550229', 0, '1976-11-05 08:31:55', '1992-02-27 12:06:37', '1976-03-14 12:52:23', 0, 1, 0),
(718, 'Juston Kovacek', '640 Kaylie Key Suite 718\nJohannaview, NC 83726-8331', 'shermiston@example.com', '813.662.9859x', 0, '1999-04-04 09:44:28', '1985-02-01 22:20:34', '1988-10-01 14:23:54', 0, 1, 0),
(719, 'Josefa Pagac', '12945 King Summit Suite 211\nEast Vincemouth, MA 62182-2979', 'edibbert@example.org', '+59(1)8403894', 0, '2010-05-12 07:23:07', '1974-03-17 19:39:37', '2017-06-20 16:02:19', 1, 0, 0),
(721, 'Isaias Nitzsche MD', '31156 Fadel Well Apt. 907\nNorth Adelia, TX 58439', 'jalen.funk@example.net', '1-642-516-211', 0, '1983-12-16 14:43:06', '2008-10-02 15:49:08', '2011-02-06 02:13:58', 0, 0, 1),
(722, 'Marietta Rempel', '0136 Prohaska Circles Suite 669\nKesslerborough, OK 79091-4166', 'nwilkinson@example.net', '577-207-8001', 0, '2007-01-13 22:29:58', '2016-02-19 17:26:42', '1987-05-15 23:00:40', 1, 0, 1),
(723, 'Emery Goodwin', '000 Griffin Pike\nWest Jordynland, RI 09151', 'carmine39@example.org', '+07(7)7332945', 0, '2001-05-08 05:12:21', '1996-06-13 15:30:37', '2010-02-12 08:50:58', 1, 0, 0),
(724, 'Tatum Lind', '79413 Regan Crescent Apt. 691\nNorth Lewismouth, KS 91689', 'khagenes@example.org', '1-800-829-736', 0, '2006-10-26 05:59:00', '2003-03-04 13:30:12', '1971-08-16 21:37:12', 1, 1, 0),
(725, 'Dave Torphy Sr.', '44781 Alysa Oval\nLake Aubrey, AR 65444', 'pgulgowski@example.com', '(820)662-2574', 0, '2004-09-23 20:15:15', '1979-09-04 19:39:05', '1997-03-25 06:50:32', 0, 0, 0),
(727, 'Rhiannon Miller II', '39264 Weber Valleys Apt. 953\nNew Winona, MA 18261-8853', 'hjacobi@example.com', '(628)373-8030', 0, '1972-01-12 23:05:05', '1998-01-13 08:54:45', '2006-05-05 00:21:47', 1, 0, 0),
(729, 'Prof. Marlon Olson', '9178 Halvorson Curve\nAltenwerthfort, UT 11044-0745', 'ledner.neva@example.net', '445.342.6934', 0, '1994-10-20 20:49:32', '2017-11-26 10:38:05', '1973-11-23 20:45:45', 1, 0, 1),
(730, 'Rosie Jones', '64978 Mueller Plains\nEast Neoma, NH 02291', 'itzel.bechtelar@example.org', '070-450-7335x', 0, '1978-01-05 08:31:14', '1989-07-09 23:27:25', '1992-05-19 21:56:40', 1, 1, 0),
(732, 'Dr. Aurelio Ratke DVM', '419 Hiram Way Apt. 487\nWest Leeberg, TX 34207-7954', 'edison83@example.org', '687-512-8623x', 0, '1987-04-13 18:09:06', '2011-03-11 21:05:18', '1999-03-21 20:07:58', 0, 1, 0),
(734, 'Jamarcus Greenfelder', '37007 Schmeler Manors\nPatrickton, ID 62637', 'norma.bashirian@example.com', '138-008-8374', 0, '1983-02-21 06:44:10', '2015-01-12 15:31:37', '1996-12-17 02:44:07', 1, 0, 0),
(738, 'Michale Baumbach II', '643 Itzel Fields Suite 994\nNew Emma, VA 22573-3407', 'kody.stehr@example.com', '175-075-5023x', 0, '2017-12-23 03:18:01', '1988-03-07 19:39:47', '1975-09-12 22:44:51', 0, 1, 0),
(739, 'Prof. Rashad Graham V', '3449 Herman Coves Apt. 968\nNew Beaulahtown, NY 62729-7435', 'marvin.ellsworth@example.com', '(958)837-6445', 0, '2018-05-24 17:26:07', '1981-04-19 22:49:32', '2007-09-08 17:24:37', 1, 1, 1),
(740, 'Dr. Ward Ernser MD', '9146 Brekke Parkway\nPurdyville, OR 34975-6445', 'tromp.titus@example.net', '1-132-443-949', 0, '2014-12-27 23:57:45', '2016-09-02 23:28:03', '1988-08-28 12:56:56', 1, 0, 0),
(741, 'Dr. Ezekiel Friesen', '0142 Terrill Lights\nBretton, NE 21018-6715', 'odouglas@example.com', '1-982-254-959', 0, '2013-09-10 12:45:47', '1972-08-24 23:55:23', '1975-07-19 10:07:08', 1, 1, 1),
(743, 'Guido Medhurst', '152 Earl Throughway\nPipershire, TX 77442', 'twindler@example.com', '(548)655-2880', 0, '2007-03-07 19:32:19', '1987-10-30 01:25:55', '2009-11-24 15:45:49', 0, 0, 1),
(744, 'Kareem Pagac', '72614 Carmela Prairie\nSouth Elbertmouth, SC 69680-5573', 'kmills@example.com', '09870216137', 0, '1997-11-09 21:58:32', '1989-04-14 14:03:12', '2000-12-09 00:29:45', 1, 1, 0),
(747, 'Baylee King', '4762 Dusty Garden\nKyleebury, MN 25605', 'heller.margarette@example.net', '301-949-9205x', 0, '2006-07-18 00:53:22', '2018-04-09 15:05:38', '1999-03-06 09:13:21', 1, 0, 1),
(749, 'Trisha Sanford', '5766 Gavin Motorway\nHermistonton, CO 29570-9363', 'sam16@example.com', '708-495-5791x', 0, '1975-08-09 11:51:09', '1983-06-03 05:31:22', '1994-03-26 04:23:12', 1, 1, 1),
(751, 'Verla Bruen', '5075 Bryana Island\nWest Daphnee, AL 71177', 'runolfsson.maida@example.net', '011-573-1057x', 0, '1989-09-16 11:48:59', '2003-11-10 13:25:04', '1972-03-29 09:47:18', 1, 1, 1),
(752, 'Dr. Noemy Kirlin DVM', '05715 Alivia Hollow\nReynoldsland, CT 99349', 'katharina07@example.net', '272-463-8382x', 0, '2004-08-08 13:42:09', '1985-12-22 04:05:20', '2012-07-07 01:25:22', 1, 1, 0),
(754, 'Brennon Cummings I', '21938 Erick Spring Suite 186\nNew Rebekafurt, MT 93106-5948', 'mmohr@example.com', '1-344-181-886', 0, '2009-09-25 22:28:50', '1998-08-27 00:40:54', '2009-04-16 06:03:58', 1, 1, 0),
(755, 'Tyson Prohaska V', '750 Reynolds Mountain Suite 528\nNew Kendraberg, MS 09181', 'opollich@example.com', '209-116-5787', 0, '1974-07-27 07:56:59', '2009-12-10 11:40:18', '2003-04-09 03:13:03', 0, 1, 1),
(756, 'Evans Kilback', '3258 Elsie Circle\nEast Paytonfort, IL 06942', 'denesik.flavio@example.org', '06873689859', 0, '2013-07-31 19:56:06', '1998-06-18 12:17:34', '1970-05-28 05:28:28', 1, 1, 1),
(757, 'Joey Bode', '8724 Kelley Place Apt. 924\nEast Darrell, MO 57601', 'charles.bogisich@example.com', '414.071.7050x', 0, '2016-07-06 04:44:48', '2014-02-12 01:33:23', '2011-05-11 20:16:03', 1, 1, 0),
(758, 'Aaliyah Ritchie', '000 Greta Island\nNew Maxwellbury, CA 82763', 'king.sally@example.com', '404-108-8206x', 0, '2008-02-26 01:06:18', '2015-07-06 02:32:02', '2003-12-20 02:49:23', 1, 0, 0),
(760, 'Marcos Abernathy Sr.', '520 Herman Roads\nWest Lurlinehaven, ND 93211', 'haylee37@example.org', '965.342.3874x', 0, '2000-07-17 20:27:51', '1982-07-08 12:05:22', '1979-04-29 03:41:42', 1, 0, 0),
(761, 'Anya Legros', '8006 Ignatius Junction Suite 381\nNew Chadrickstad, NV 75789-7083', 'nikolaus.paolo@example.net', '089-804-2614x', 0, '2001-07-22 20:39:11', '1989-01-11 03:31:47', '1974-04-19 09:26:01', 0, 1, 0),
(762, 'Prof. Destin Barrows Sr.', '4272 Marilyne Ramp Apt. 731\nLake Glendaberg, AK 04979', 'fwillms@example.com', '1-792-091-694', 0, '2000-04-15 20:59:07', '1979-08-19 03:26:02', '1991-03-12 15:34:07', 0, 1, 0),
(764, 'Mr. Branson Armstrong', '315 Cary Points\nEast Moriahtown, NJ 95103-1946', 'shyann.satterfield@example.net', '633.594.7714x', 0, '1989-02-13 02:11:17', '1979-08-16 15:48:12', '1993-11-15 17:19:26', 0, 1, 0),
(767, 'Madilyn Ullrich', '830 Stracke Walk\nWest Deontae, IN 58390', 'qmueller@example.org', '(745)400-8182', 0, '1975-10-24 17:38:22', '2018-12-14 13:19:42', '1992-12-01 16:11:29', 0, 0, 1),
(771, 'Curt Gislason', '12609 Hailie Village\nBenedictville, GA 91899', 'iokuneva@example.com', '(464)384-0011', 0, '2014-09-06 15:15:01', '1995-04-20 15:26:19', '1987-12-01 23:40:06', 1, 1, 1),
(772, 'Juanita Hand Jr.', '25647 Lakin Shore\nMosciskimouth, CT 18477', 'vstanton@example.com', '1-038-447-902', 0, '1970-05-22 07:27:25', '1986-07-27 00:23:59', '1995-07-20 04:46:08', 0, 1, 0),
(773, 'Minnie Dickens', '52130 Loy Haven Apt. 664\nJerelmouth, NJ 55961-2337', 'ithiel@example.org', '+03(6)3066868', 0, '1998-05-24 11:37:01', '2007-08-04 01:03:22', '1989-09-02 21:23:23', 0, 1, 0),
(774, 'Winfield McCullough', '043 Matilde Circles\nReichertshire, WA 50590-0183', 'edd.gleichner@example.org', '09898665282', 0, '1989-03-26 18:28:55', '1995-04-30 03:23:21', '1980-01-12 18:27:31', 1, 1, 1),
(776, 'Christian Bartell', '77248 Gorczany Drives Apt. 469\nNorth Christyton, NC 76655', 'johnny.dicki@example.net', '1-120-412-467', 0, '2002-05-14 11:18:19', '2001-12-24 09:27:03', '1975-09-14 00:38:12', 1, 1, 0),
(777, 'Florine Stehr', '13767 Zboncak Ramp\nPort Alfbury, NJ 31208', 'julian08@example.org', '+48(0)4913589', 0, '2009-11-09 18:31:22', '2000-10-05 09:08:29', '2017-07-14 17:43:40', 1, 1, 1),
(781, 'Ms. Verla Leffler II', '121 Orland Point\nGibsonton, VT 42488', 'lia81@example.com', '(045)415-2397', 0, '2001-07-17 07:10:56', '2017-03-10 23:04:47', '1991-12-13 20:40:49', 0, 1, 0),
(782, 'Dr. Moshe Hermiston DVM', '385 Kristoffer Light\nLake Aileenbury, ND 37903', 'schinner.gregoria@example.com', '954.762.5069x', 0, '1992-07-07 16:35:39', '1999-06-23 15:36:09', '1976-12-08 20:44:14', 0, 1, 1),
(788, 'Ms. Lavada Schowalter', '8388 Katelin Trafficway\nSouth Woodrow, CA 42015', 'jkuvalis@example.org', '1-496-591-688', 0, '1971-01-27 01:13:09', '1987-12-04 13:14:53', '2005-12-28 08:52:56', 1, 0, 1),
(789, 'Tom Parker', '50832 Lempi Crest\nCassinville, FL 79073-3016', 'susanna.armstrong@example.net', '133.868.1175x', 0, '1977-04-10 08:38:57', '2018-04-28 23:10:49', '1995-12-09 19:10:58', 0, 0, 0),
(791, 'Marta Murazik', '60828 Ola Courts Apt. 918\nMagnuston, DC 01131-0620', 'barrows.noemy@example.com', '120.483.4233', 0, '2013-03-18 17:40:34', '2007-08-22 13:56:07', '1990-01-11 17:01:39', 1, 0, 0),
(793, 'Lambert Strosin I', '01169 Oberbrunner Port Suite 881\nHauckside, FL 36142-4504', 'alesch@example.org', '146.597.5264x', 0, '1982-05-17 22:39:44', '1976-06-18 07:50:42', '1972-01-26 09:16:13', 1, 1, 0),
(795, 'Nedra Will DVM', '76778 Tremblay Mews Apt. 692\nLake Leanne, ND 06395', 'ransom.toy@example.org', '1-831-028-809', 0, '1980-02-25 17:30:40', '1987-10-06 23:46:49', '1983-06-02 05:09:48', 1, 0, 0),
(797, 'Dr. Dianna Schowalter Jr.', '800 Parker Port Apt. 754\nGenovevaburgh, WA 86679', 'xavier13@example.com', '1-455-222-325', 0, '1989-12-14 16:31:03', '1999-12-21 22:02:51', '1977-07-31 10:15:25', 0, 1, 1),
(804, 'Prof. Adolf Prohaska II', '40431 Velva Mall Apt. 938\nNorth Abigayleshire, ND 57810-8709', 'nrunolfsson@example.com', '+24(8)5805325', 0, '2011-04-12 19:17:23', '1986-11-16 16:05:36', '1998-08-09 11:06:58', 1, 0, 1),
(805, 'Pauline Waelchi', '1345 Kenton Field Apt. 294\nWest Ivahville, OK 02458-7840', 'nola61@example.net', '657-220-6108x', 0, '1976-02-24 10:17:14', '1976-03-10 08:28:25', '2013-10-06 23:42:03', 0, 1, 1),
(807, 'Chris Kunze DVM', '26373 Ebert Bridge Suite 779\nNew Rozellafort, LA 28075-1577', 'reynold.nicolas@example.com', '029-153-2836', 0, '1999-01-08 12:16:22', '1994-02-05 01:53:15', '1977-05-13 13:14:18', 0, 0, 0),
(809, 'Jocelyn Dietrich', '6090 Gracie Drives\nEast Ayanabury, NV 11765', 'sven.kub@example.com', '1-932-460-850', 0, '2001-10-04 09:32:24', '2010-02-09 07:24:38', '1998-02-08 04:46:35', 0, 1, 1),
(810, 'Libby Lebsack', '1419 Morar Island\nRoslynmouth, MA 05449', 'gerard.ferry@example.org', '432.317.4398', 0, '2012-12-30 08:47:48', '1998-01-12 16:39:23', '1985-03-11 14:07:02', 0, 0, 1),
(811, 'Joanie Pagac', '33422 Rutherford Parks Apt. 057\nNew Joey, MO 40829-1190', 'bergnaum.helmer@example.com', '708-313-2349x', 0, '1978-04-08 19:48:35', '1992-11-09 19:08:11', '2011-02-08 04:57:59', 1, 0, 1),
(815, 'Prof. Clint Douglas', '3854 Donny Square Suite 373\nLuettgentown, CT 75067-6820', 'ao\'reilly@example.com', '490.625.5565', 0, '2016-08-18 02:58:18', '2016-12-30 18:21:05', '1973-08-27 14:58:31', 1, 1, 0),
(818, 'Nyah McCullough I', '043 Jena Common\nKilbackfort, KY 43060', 'nhane@example.com', '067.428.0619', 0, '1995-02-21 17:02:34', '1990-08-17 15:34:48', '2018-12-22 11:54:08', 0, 1, 0),
(820, 'Ms. Sharon Beahan IV', '247 Aliyah Terrace Apt. 310\nStarkberg, NE 40197', 'treutel.buddy@example.com', '1-564-461-879', 0, '2003-03-18 22:16:01', '1991-09-27 10:43:11', '1998-11-30 05:28:38', 1, 0, 0),
(821, 'Dorcas Kunze', '005 Sallie Extensions Suite 965\nIsomtown, KS 28184', 'felix.purdy@example.com', '1-661-430-788', 0, '1985-04-30 11:05:54', '1973-07-15 10:28:40', '2014-07-02 01:06:15', 0, 0, 0),
(823, 'Jadon Hilll', '1832 Erika Summit Suite 344\nRoobmouth, NC 21253', 'igleichner@example.org', '971.661.4496x', 0, '2014-05-26 03:09:26', '1994-09-02 13:52:59', '1974-11-09 03:45:23', 0, 0, 0),
(824, 'Emma Frami', '4222 Tremayne Locks\nEast Dorothea, SD 02107-6696', 'wlowe@example.net', '370-922-7010', 0, '2014-12-30 18:59:48', '1973-06-24 22:15:40', '1974-09-20 09:12:24', 0, 1, 0),
(825, 'Ignatius Kuvalis', '43326 Torphy Gardens Suite 174\nNolanmouth, CA 57235', 'crist.alejandra@example.net', '1-705-355-858', 0, '1996-10-31 02:56:39', '2017-02-01 19:58:53', '2012-02-17 02:38:34', 1, 1, 1),
(826, 'Dr. Louvenia Bogisich', '45686 Matilda Courts\nNorth Cecilia, RI 98729', 'yrolfson@example.net', '(690)904-6622', 0, '2012-01-10 12:08:08', '1998-02-11 13:12:02', '1972-02-03 12:44:01', 1, 0, 0),
(829, 'Sarai Klocko', '41631 Armstrong Station\nMcCulloughland, OR 41228', 'paula96@example.org', '804.003.2185x', 0, '1970-06-21 13:10:00', '1985-07-31 07:21:00', '1995-01-07 21:45:10', 1, 0, 0),
(830, 'Prof. Mellie Vandervort Sr.', '501 Annamarie Drives\nNorth Miguel, KY 88166', 'marilie.d\'amore@example.org', '160-127-8927', 0, '1972-02-28 19:29:09', '2001-06-29 22:29:48', '2013-05-06 22:14:30', 0, 0, 0),
(832, 'Dr. Bret Hermiston', '2598 Romaguera Glen Apt. 222\nNew Leon, WV 50198', 'dickinson.chanel@example.net', '622-967-1244', 0, '1982-04-28 07:27:14', '2001-11-02 19:28:04', '2010-05-11 12:10:37', 1, 0, 1),
(835, 'Theron Hartmann', '7840 Bins Rest Apt. 297\nKutchport, NV 96684', 'hassan.predovic@example.net', '778.169.0069x', 0, '1978-04-28 01:43:23', '2000-01-15 11:20:10', '1979-09-09 19:38:10', 0, 1, 0),
(838, 'Hayley Sipes', '5638 Christy Forest Apt. 888\nBradleybury, NY 02549-5808', 'virginie.bode@example.org', '336.165.1394x', 0, '2010-02-22 06:29:32', '1986-11-24 07:26:52', '2008-03-11 22:34:38', 0, 0, 0),
(840, 'Theron Crist', '58916 Reichel Mountain\nEast Darrion, ME 23222', 'harber.telly@example.net', '(576)411-4323', 0, '1973-03-05 14:01:14', '2001-06-11 13:54:04', '1973-10-08 01:33:01', 1, 0, 0),
(841, 'Danial Kohler', '593 Gutmann Isle\nLake Amari, MS 51350-5121', 'wschiller@example.com', '1-411-621-101', 0, '1975-07-26 07:43:31', '2016-09-04 04:15:36', '1999-02-24 22:00:36', 0, 1, 0),
(842, 'Richmond Windler', '364 Labadie Road Suite 824\nNew Faeview, OH 93574', 'xtromp@example.com', '697-802-8867', 0, '2005-03-25 06:18:58', '1976-01-20 09:19:43', '1989-04-01 01:29:58', 1, 1, 0),
(847, 'Joany Hansen', '310 Kilback Park\nNew Alfordview, MT 91907', 'demetris55@example.com', '06258895224', 0, '2001-04-11 08:45:12', '2001-02-13 01:09:24', '2008-09-19 21:12:46', 1, 1, 0),
(848, 'Mrs. Asia Padberg MD', '6500 Elda Land Apt. 855\nGibsontown, TN 79235', 'steuber.kaley@example.com', '+71(5)7244725', 0, '1995-05-12 18:21:16', '2008-11-19 04:26:41', '1973-07-23 18:09:38', 1, 1, 1),
(850, 'Margarette West', '59924 Gerlach Summit\nTalonstad, CA 94688-2698', 'dexter37@example.com', '723.768.8693x', 0, '1988-03-07 23:35:50', '1979-07-12 03:47:57', '1991-01-12 10:50:30', 1, 0, 0),
(853, 'Mr. Landen Mante I', '60692 Mittie Estate\nEast Shemarport, ME 49024', 'koepp.kirk@example.org', '593-110-6118x', 0, '2007-12-28 12:42:59', '1992-04-01 07:29:19', '1982-01-09 21:42:36', 0, 1, 0),
(855, 'Juston Torphy', '163 Joelle Drive\nSouth Jaymeville, PA 99480-3888', 'pbartoletti@example.com', '571-838-0763x', 0, '1991-07-14 04:19:00', '2000-09-01 16:38:48', '1991-06-19 19:15:26', 0, 1, 0),
(856, 'Gussie Kutch', '7581 Ana Knolls\nGarrystad, UT 74310', 'bria69@example.org', '+07(3)7456704', 0, '1990-07-03 21:35:49', '2012-11-18 16:13:58', '2006-01-18 14:32:13', 1, 0, 1),
(858, 'Tess Baumbach IV', '2026 Ondricka Square Suite 602\nReeceland, TN 05996', 'bfranecki@example.com', '04258824659', 0, '1996-11-15 08:23:19', '1988-01-27 01:15:49', '2008-06-24 09:10:17', 1, 1, 0),
(859, 'Prof. Florine Hudson', '319 Beryl Via\nPort Devanteside, ME 92474', 'wstroman@example.com', '1-857-738-295', 0, '2001-12-12 00:17:55', '1991-11-08 18:46:32', '1985-10-15 20:58:34', 1, 0, 0),
(862, 'Keagan Veum', '341 Ethel Mills\nEast Ana, MO 27490', 'quinn16@example.com', '00662018170', 0, '1977-02-14 20:03:18', '1974-06-09 07:35:59', '1983-04-14 07:01:23', 1, 0, 1),
(864, 'Claudine Fadel', '628 Jessyca Meadows Suite 072\nKesslerberg, TN 75024', 'jacobson.bernita@example.net', '261-505-0551x', 0, '2002-07-16 04:08:39', '1990-11-24 17:13:07', '2004-03-01 08:49:21', 0, 0, 1),
(865, 'Geovanny Tremblay', '016 Kiehn Prairie Apt. 842\nRomamouth, AK 86581', 'aurore32@example.net', '1-182-173-503', 0, '1979-08-08 08:05:23', '1997-01-04 06:53:05', '2009-07-24 00:12:50', 1, 0, 0),
(867, 'Keira Mills', '2120 Liam Islands\nNew Zelmaland, AZ 66201', 'dixie.considine@example.org', '(500)847-5804', 0, '2009-09-09 11:42:18', '1993-07-07 19:56:23', '1985-11-24 19:58:35', 1, 1, 1),
(869, 'Ezekiel Labadie', '1942 Stamm Garden\nHoegermouth, NE 39966-4519', 'letha20@example.com', '1-147-937-500', 0, '1976-01-26 10:32:57', '1992-01-30 14:40:23', '2005-11-12 00:38:13', 1, 1, 0),
(870, 'Reta Jerde MD', '57169 Thomas Unions\nJacquesfort, MO 27969', 'jana.corkery@example.org', '363-297-8550x', 0, '2006-09-21 10:11:37', '1976-08-20 11:00:13', '2015-05-08 09:54:42', 1, 1, 1),
(875, 'Deron Gutmann', '58136 Hahn Expressway Apt. 018\nEast Julie, WA 01589-6433', 'purdy.madelynn@example.com', '894-824-1255x', 0, '2000-01-17 17:50:16', '1980-09-04 15:34:42', '2008-07-29 07:34:43', 1, 1, 1),
(877, 'Prof. Patsy Homenick', '3728 Maritza Highway\nTevinshire, NY 97039', 'barrows.rhoda@example.org', '07225486639', 0, '1972-12-10 11:46:04', '1978-12-30 09:47:14', '1997-05-04 07:24:01', 0, 1, 0),
(878, 'Desmond Lueilwitz', '87774 Langworth Ferry\nAbshireberg, DC 92978-7986', 'ohammes@example.net', '(443)853-1208', 0, '1982-07-16 14:39:28', '2017-04-14 21:46:13', '2018-07-19 23:15:22', 0, 1, 1),
(883, 'Mrs. Velva Ryan DDS', '7590 Bruce Radial Suite 008\nReynoldsburgh, NJ 94469', 'juana.nolan@example.org', '1-920-391-140', 0, '2016-05-31 04:35:13', '1994-02-15 06:38:43', '1974-11-27 11:27:25', 1, 0, 1),
(885, 'Reymundo Greenholt', '0409 Hettinger Harbors Suite 847\nBartolettimouth, ID 52217', 'eortiz@example.net', '515.466.4692', 0, '1977-04-27 08:49:53', '2000-04-09 04:03:39', '1984-05-30 16:03:32', 1, 0, 0),
(887, 'Sedrick Koss', '5954 Glover Ways Apt. 008\nKonopelskiberg, VA 92580', 'winifred.turcotte@example.net', '165-279-1389', 0, '1983-07-23 20:22:42', '2005-01-15 02:15:15', '2002-02-12 07:21:52', 1, 1, 1),
(891, 'Therese Welch', '3454 Timothy Loaf Suite 912\nPort Blazestad, NE 15431', 'rpurdy@example.com', '08016730067', 0, '2006-07-05 16:52:02', '2009-01-28 00:03:11', '2019-03-17 08:10:46', 1, 1, 1),
(892, 'Mr. Kamren Sawayn', '52490 Annabell Motorway\nSkileston, LA 56315', 'santiago16@example.org', '1-945-066-355', 0, '2017-05-30 06:23:13', '2001-01-01 08:40:20', '1998-12-13 11:01:42', 1, 1, 0),
(894, 'Dominique Turcotte', '60197 Mueller Road\nBrodyton, GA 04301-1695', 'abshire.emmalee@example.com', '465.769.1962x', 0, '1981-02-03 08:58:51', '2007-10-29 01:35:44', '2012-11-24 02:38:51', 1, 1, 0),
(895, 'Dr. Roberto Koepp', '84074 Gilda Island Apt. 433\nSchoenview, OR 76249-3446', 'parisian.ray@example.com', '163-239-6593x', 0, '1977-08-02 21:53:54', '2009-05-20 07:32:50', '1981-03-31 21:46:29', 0, 1, 0),
(896, 'Carmella Rosenbaum PhD', '185 Trystan Flats\nNew Cassandre, CT 35328-1968', 'corwin.margret@example.org', '886.112.8608', 0, '2002-04-25 00:25:06', '1984-09-08 23:16:13', '2006-02-14 23:19:00', 0, 0, 0),
(897, 'Dr. Adan Thiel', '8170 Sam Crossroad\nSouth Syblechester, WV 59349-6525', 'ustroman@example.net', '(702)867-1404', 0, '1970-04-06 15:05:29', '2002-09-14 10:37:40', '1998-02-16 23:25:01', 0, 1, 0),
(898, 'Dr. Burnice Paucek PhD', '5978 Jose Stravenue Apt. 913\nBirdieside, ID 64175-1018', 'lemke.yolanda@example.com', '+54(1)0464339', 0, '1975-03-26 03:29:07', '2011-07-14 02:04:24', '2018-12-17 16:14:51', 0, 1, 1),
(902, 'Percival Kautzer', '01353 Cummings Center\nSouth Freedaville, OK 62818', 'barbara.towne@example.net', '(241)013-8817', 0, '2005-12-28 07:48:34', '1999-06-22 05:47:15', '1988-09-04 08:52:31', 0, 1, 0),
(903, 'Shemar Littel', '99189 Hollis Branch\nLake Flavio, MS 03820-6925', 'luther.paucek@example.com', '(144)997-6194', 0, '2001-06-24 05:55:49', '2010-02-22 09:25:43', '2015-11-24 04:26:05', 0, 0, 0),
(905, 'Terrill Kozey', '78952 Stiedemann Crossing Apt. 199\nHenrichester, IA 80257-4817', 'bernier.ulises@example.net', '243.290.9014x', 0, '2016-04-17 22:31:38', '1993-11-19 15:12:15', '1983-10-18 01:14:39', 1, 1, 0),
(910, 'Alessia Stoltenberg', '57219 Beau Plains Suite 738\nIssachaven, AR 76339', 'christopher12@example.org', '1-500-939-520', 0, '1995-01-22 16:54:48', '2016-04-12 20:03:16', '1972-05-24 07:56:10', 0, 1, 0),
(911, 'Alexandra Feest', '0078 Ward Gateway\nSouth Osvaldoburgh, CO 72396', 'milan.orn@example.org', '904-214-8640x', 0, '1989-11-17 11:07:37', '2003-09-07 10:50:50', '2001-09-12 02:06:55', 1, 1, 1),
(912, 'Mrs. Della Graham III', '483 Emmalee Prairie Apt. 546\nBernardborough, SC 20313', 'murazik.savion@example.net', '457-732-0778x', 0, '2010-07-20 06:10:18', '2001-05-26 21:04:07', '1981-11-01 08:25:10', 1, 1, 0),
(915, 'Gregoria Turcotte', '4928 Orval Via Apt. 617\nEast Hailee, OH 61176-5759', 'braxton.hamill@example.org', '861-740-1739x', 0, '2003-12-10 00:12:40', '1983-05-14 16:10:43', '1978-04-10 03:45:04', 1, 0, 1),
(916, 'Hertha Upton', '958 Era Passage\nCollierstad, LA 98357', 'trevor.konopelski@example.net', '399.424.8951x', 0, '2016-01-27 17:53:10', '1995-05-29 01:24:22', '2010-07-31 13:18:42', 0, 0, 0),
(917, 'Ms. Amalia McCullough', '4483 Jerde Hollow Apt. 158\nTrantowhaven, NY 43783', 'finn91@example.com', '708.528.5240', 0, '1984-07-11 10:23:57', '1974-09-27 02:20:41', '1996-04-13 04:24:24', 0, 1, 0),
(920, 'Joyce Jacobson PhD', '113 Zieme Point Apt. 890\nMarlenestad, RI 63872', 'ko\'hara@example.net', '1-854-146-461', 0, '2006-06-27 12:11:38', '1970-04-08 00:59:27', '1972-02-09 11:58:31', 0, 0, 0),
(921, 'Monica Deckow', '9971 Josephine Park Suite 467\nPort Kalishire, TX 61969', 'craig.heaney@example.com', '(167)942-5976', 0, '2004-09-19 12:40:13', '2000-12-06 05:06:19', '2002-06-02 15:26:44', 0, 1, 1),
(922, 'Annette Cormier MD', '1328 Caleigh Terrace\nNew Winifredfort, IA 26243-0803', 'wkessler@example.net', '095.558.3996', 0, '1990-09-25 11:04:45', '2011-07-03 14:06:13', '2002-03-20 06:07:03', 0, 0, 0),
(923, 'Kristofer O\'Connell', '840 Viviane Courts Suite 988\nMicheleport, SD 74375', 'evie.metz@example.net', '1-742-116-788', 0, '1990-02-20 20:21:30', '2004-02-05 15:08:02', '1985-10-10 06:47:31', 0, 1, 1),
(924, 'Arnaldo Volkman', '6148 Roberto Cliffs\nHamillhaven, NY 29011-2074', 'desiree.roob@example.net', '(982)483-9427', 0, '1992-02-14 21:33:01', '1970-04-07 15:41:28', '2015-12-09 13:05:31', 0, 1, 0),
(927, 'Noemy Stiedemann', '8480 Williamson Brooks Apt. 281\nLeonland, DC 44266-1834', 'vkris@example.net', '1-339-017-660', 0, '2003-02-08 19:02:02', '1971-06-30 23:53:04', '1978-11-06 00:15:58', 1, 0, 0),
(928, 'Prof. Nicola Padberg DVM', '49404 Hane Plains Apt. 800\nZellaport, FL 75322', 'schoen.evan@example.org', '+49(2)3007747', 0, '2010-10-09 13:56:28', '2007-10-08 02:34:38', '2004-12-18 13:16:34', 0, 1, 1),
(929, 'Kara Pagac', '7223 Gaylord Plaza\nEast Golden, NH 41475', 'elinore.dooley@example.net', '(266)845-6044', 0, '1970-07-11 12:56:10', '1993-02-23 23:47:37', '1994-03-10 04:25:31', 1, 0, 0),
(930, 'Gerry Watsica', '290 Friedrich Centers\nNorth Patsymouth, WI 15560', 'lurline00@example.com', '1-510-974-226', 0, '1980-03-18 04:59:43', '1980-06-11 18:19:59', '2012-01-04 04:20:06', 1, 1, 0),
(932, 'Erwin Reynolds', '3303 Gerald Way\nSouth Elissafort, NH 77068-3792', 'bo39@example.com', '188-764-9769x', 0, '1998-10-06 22:41:07', '1972-09-13 17:22:17', '1990-01-16 07:31:42', 1, 0, 1),
(936, 'Dr. Monty Stracke V', '4314 Shanahan Dam\nWest Reva, IN 17598-9121', 'faustino.ziemann@example.com', '1-559-804-775', 0, '1989-01-13 19:24:56', '1972-12-26 00:50:10', '1988-02-10 09:38:49', 1, 0, 0),
(937, 'Bryon Hessel', '19406 Sauer Greens\nItzelstad, MD 02006-9959', 'tbreitenberg@example.org', '(052)261-6690', 0, '1982-06-03 10:16:39', '1974-12-21 22:02:58', '1999-06-29 10:16:05', 0, 1, 0),
(938, 'Prof. Jaylen Beatty V', '512 Amos Shores Apt. 653\nNew Vilma, ND 68322-7242', 'hkunze@example.com', '1-055-810-066', 0, '2009-09-20 00:23:14', '2014-12-31 02:02:22', '2011-03-29 17:31:25', 0, 1, 0),
(939, 'Roger Kirlin', '5930 Onie Extension\nLake Leamouth, IL 89953', 'tstokes@example.net', '483-870-4805', 0, '2010-01-04 05:12:58', '1992-05-31 16:10:00', '2019-03-03 15:00:45', 1, 1, 0),
(942, 'Callie McClure', '3619 Earl Streets Apt. 648\nLake Maybellemouth, IL 28086-4563', 'kuphal.destini@example.org', '08181044089', 0, '1970-09-15 03:06:14', '1991-08-06 19:37:11', '1994-01-13 20:31:07', 1, 0, 1),
(943, 'Caleigh Barton Jr.', '06774 Witting Island Suite 923\nNew Archibaldfort, OR 76573-7417', 'opfannerstill@example.com', '522.407.5128', 0, '2004-03-20 09:57:07', '2018-07-14 10:08:48', '2013-09-30 20:01:27', 0, 0, 1),
(946, 'Minerva Stehr', '9292 Nikita Ramp Apt. 895\nNew Royce, AK 03686-3689', 'shaun03@example.org', '829-792-7605', 0, '1983-08-23 02:39:45', '2001-01-27 03:46:17', '2015-02-09 11:40:47', 1, 1, 1),
(948, 'Addie Labadie', '4186 Wyman Creek Suite 932\nAutumnborough, AR 03674-2300', 'bruen.cole@example.org', '289-617-2239', 0, '2014-01-09 04:37:03', '1987-06-25 20:15:14', '1977-12-02 23:29:38', 1, 0, 0),
(949, 'Shanelle Carter IV', '7841 Ebert Ports\nPort Angelobury, ME 34050-5414', 'dare.marjory@example.com', '+51(4)7524497', 0, '2001-01-26 03:33:18', '1978-05-07 00:03:28', '1989-04-08 21:04:15', 1, 0, 1),
(951, 'Kole Ruecker', '50487 Felix Land Suite 192\nEmorymouth, NC 96398-3010', 'demmerich@example.net', '(087)655-9084', 0, '2004-12-19 18:51:02', '1979-04-25 05:32:40', '1989-06-17 04:16:36', 0, 0, 1),
(952, 'Laverna Lemke', '3893 Cassin Mews\nNew Cruzchester, MO 76075-4268', 'soledad.gusikowski@example.org', '069.783.5822x', 0, '2006-03-21 03:43:39', '1990-01-21 05:02:45', '2009-02-20 18:57:21', 0, 0, 0),
(954, 'Tyler Rippin', '0567 Winona Ville\nWest Anastacio, HI 12403-8000', 'travon25@example.com', '1-348-805-820', 0, '1985-04-17 20:58:43', '1970-11-28 10:12:26', '2009-08-31 10:35:45', 1, 1, 0),
(955, 'Marcella King', '6604 Okuneva Loop\nLake Benjaminshire, OH 09516-0710', 'keon79@example.com', '1-884-617-487', 0, '2009-02-28 00:39:14', '1993-05-30 09:36:54', '1989-11-06 05:47:48', 0, 1, 0),
(957, 'Daniella Miller', '64169 Keeling Trail Apt. 404\nWilmerfurt, VA 10988', 'marks.jada@example.net', '132.394.3214x', 0, '1996-08-12 07:04:16', '1971-01-05 00:23:08', '1985-04-15 16:04:31', 0, 1, 0),
(958, 'Danyka Cole', '2248 Dicki Union\nHyattfurt, VT 50129', 'spencer.barry@example.com', '050.103.9532', 0, '1986-01-18 11:55:19', '2004-03-01 11:30:16', '1975-02-18 11:57:06', 1, 0, 1),
(960, 'Berry Berge', '62851 Malvina Heights\nConorville, RI 95799', 'remington.hills@example.com', '1-493-357-387', 0, '1990-06-10 22:11:26', '1972-06-08 10:38:23', '2010-01-04 02:05:54', 0, 0, 1),
(961, 'Mayra Jacobson', '134 Welch Key Suite 935\nPort Lolatown, WY 92825', 'green.dean@example.com', '264-298-1107x', 0, '1984-11-02 12:16:28', '2016-10-15 00:41:59', '1976-08-22 23:22:30', 0, 0, 1),
(963, 'Marianna Gorczany', '716 Mona Radial Apt. 010\nNorth Leonard, OR 66608-5189', 'kobe45@example.net', '+81(2)1203139', 0, '1988-04-18 16:35:19', '1995-11-21 20:10:48', '2010-01-27 03:51:05', 0, 0, 0),
(966, 'Freddy Dach', '50021 O\'Keefe Grove\nRosalindmouth, FL 58855-2840', 'antwon.pagac@example.net', '1-873-856-195', 0, '2002-01-29 05:16:42', '1974-11-02 03:20:07', '2012-11-13 21:03:33', 0, 0, 0),
(971, 'Waldo Torphy', '49137 Wilderman Stravenue\nWest Shania, OK 38004', 'ystreich@example.com', '02175622761', 0, '2018-10-31 08:42:04', '1988-06-27 08:16:59', '1989-12-18 12:12:28', 1, 1, 1),
(972, 'Dr. Cindy Braun DVM', '38805 Kshlerin Plaza\nSouth Charlenemouth, AZ 39554', 'pmante@example.net', '253-523-9599', 0, '1985-01-08 16:59:38', '2016-07-28 04:45:47', '1995-10-27 20:22:00', 1, 0, 1),
(976, 'Dr. Albina Stehr', '961 Felipa Route\nAbdullahville, MT 54060-4065', 'libby.weimann@example.net', '1-230-506-865', 0, '1977-09-17 07:21:39', '1974-09-01 19:41:54', '1976-03-06 01:58:13', 0, 0, 1),
(1001, 'Sunil Jain', 'Nalasopara', 'suniljain853@gmail.com', '9881617616', 0, '2019-05-04 00:54:44', '0000-00-00 00:00:00', '0000-00-00 00:00:00', 0, 0, 0),
(1002, 'Tarun kachhela', 'Solitaire heights, shivaji nagar, opp sona hospital\r\nVakola, Santacruz east', 'tarun.kachhela2000@gmail.com', '2020202020', 0, '2019-05-25 18:07:08', '2019-05-25 18:08:06', '0000-00-00 00:00:00', 0, 0, 0);

-- --------------------------------------------------------

--
-- Table structure for table `gst`
--

CREATE TABLE `gst` (
  `gst_id` int(11) NOT NULL,
  `hsn_code` int(11) NOT NULL,
  `gst_rate` double NOT NULL,
  `wef` date NOT NULL,
  `deleted` int(1) NOT NULL DEFAULT '0',
  `created_at` datetime NOT NULL,
  `deleted_at` datetime NOT NULL,
  `created_by` int(11) NOT NULL,
  `deleted_by` int(11) NOT NULL
) ENGINE=InnoDB DEFAULT CHARSET=latin1;

--
-- Dumping data for table `gst`
--

INSERT INTO `gst` (`gst_id`, `hsn_code`, `gst_rate`, `wef`, `deleted`, `created_at`, `deleted_at`, `created_by`, `deleted_by`) VALUES
(1, 7113, 3, '2017-07-22', 0, '0000-00-00 00:00:00', '2019-04-29 18:49:21', 0, 0),
(2, 7106, 3, '2017-07-22', 0, '0000-00-00 00:00:00', '0000-00-00 00:00:00', 0, 0),
(8, 123, 3, '2018-01-01', 0, '2019-05-03 20:56:51', '0000-00-00 00:00:00', 0, 0),
(9, 123, 6, '2018-02-07', 0, '2019-05-03 21:03:06', '0000-00-00 00:00:00', 0, 0);

-- --------------------------------------------------------

--
-- Table structure for table `invoices`
--

CREATE TABLE `invoices` (
  `invoice_id` int(11) NOT NULL,
  `invoice_no` varchar(20) NOT NULL,
  `customer_id` int(11) NOT NULL,
  `total_amount` double NOT NULL,
  `pending_amount` double NOT NULL,
  `due_date` date NOT NULL,
  `invoice_date` date NOT NULL,
  `deleted` int(1) NOT NULL,
  `created_at` datetime NOT NULL,
  `deleted_at` datetime NOT NULL,
  `created_by` int(11) NOT NULL,
  `deleted_by` int(11) NOT NULL,
  `updated_at` date NOT NULL,
  `updated_by` int(11) NOT NULL
) ENGINE=InnoDB DEFAULT CHARSET=latin1;

--
-- Dumping data for table `invoices`
--

INSERT INTO `invoices` (`invoice_id`, `invoice_no`, `customer_id`, `total_amount`, `pending_amount`, `due_date`, `invoice_date`, `deleted`, `created_at`, `deleted_at`, `created_by`, `deleted_by`, `updated_at`, `updated_by`) VALUES
(8, 'INVSJ-7', 1001, 181280, 126280, '2019-07-18', '2019-05-09', 0, '2019-05-09 21:24:03', '0000-00-00 00:00:00', 0, 0, '2019-05-25', 0),
(11, 'INVSJ-11', 1002, 76220, 73520, '2019-05-25', '2019-05-25', 0, '2019-05-25 18:20:23', '0000-00-00 00:00:00', 0, 0, '2019-05-25', 0);

-- --------------------------------------------------------

--
-- Table structure for table `invoice_product`
--

CREATE TABLE `invoice_product` (
  `invoice_id` int(11) NOT NULL,
  `product_id` int(11) NOT NULL,
  `product_rate` double NOT NULL,
  `product_quantity` double NOT NULL,
  `making_charges` double NOT NULL,
  `unit` varchar(5) NOT NULL
) ENGINE=InnoDB DEFAULT CHARSET=latin1;

--
-- Dumping data for table `invoice_product`
--

INSERT INTO `invoice_product` (`invoice_id`, `product_id`, `product_rate`, `product_quantity`, `making_charges`, `unit`) VALUES
(8, 1, 3520, 50, 0, 'gm'),
(11, 2, 1000, 20, 0, 'gm'),
(11, 1014, 3000, 18, 0, 'gm');

-- --------------------------------------------------------

--
-- Table structure for table `payments`
--

CREATE TABLE `payments` (
  `payment_id` int(11) NOT NULL,
  `invoice_id` int(11) NOT NULL,
  `payment_amount` double NOT NULL,
  `payment_date` date NOT NULL,
  `payment_mode` varchar(15) NOT NULL,
  `created_at` datetime NOT NULL,
  `created_by` int(11) NOT NULL,
  `updated_at` datetime NOT NULL,
  `updated_by` int(11) NOT NULL,
  `deleted` int(2) NOT NULL,
  `deleted_at` datetime NOT NULL,
  `deleted_by` int(11) NOT NULL
) ENGINE=InnoDB DEFAULT CHARSET=latin1;

--
-- Dumping data for table `payments`
--

INSERT INTO `payments` (`payment_id`, `invoice_id`, `payment_amount`, `payment_date`, `payment_mode`, `created_at`, `created_by`, `updated_at`, `updated_by`, `deleted`, `deleted_at`, `deleted_by`) VALUES
(11, 8, 5000, '2019-05-25', 'cash', '2019-05-25 00:09:41', 0, '0000-00-00 00:00:00', 0, 0, '0000-00-00 00:00:00', 0),
(12, 8, 50000, '2019-05-26', 'cash', '2019-05-25 00:11:05', 0, '0000-00-00 00:00:00', 0, 0, '0000-00-00 00:00:00', 0),
(15, 11, 2500, '2019-05-25', 'cash', '2019-05-25 18:22:30', 0, '0000-00-00 00:00:00', 0, 0, '0000-00-00 00:00:00', 0),
(16, 11, 200, '2019-05-26', 'cash', '2019-05-25 18:24:18', 0, '0000-00-00 00:00:00', 0, 0, '0000-00-00 00:00:00', 0);

-- --------------------------------------------------------

--
-- Table structure for table `products`
--

CREATE TABLE `products` (
  `product_id` int(11) NOT NULL,
  `product_name` varchar(255) NOT NULL,
  `product_quantity` double NOT NULL,
  `additional_specifications` text NOT NULL,
  `category_id` int(11) NOT NULL,
  `deleted` int(1) NOT NULL DEFAULT '0',
  `created_at` datetime NOT NULL,
  `updated_at` datetime NOT NULL,
  `deleted_at` datetime NOT NULL,
  `created_by` int(11) NOT NULL,
  `updated_by` int(11) NOT NULL,
  `deleted_by` int(11) NOT NULL
) ENGINE=InnoDB DEFAULT CHARSET=latin1;

--
-- Dumping data for table `products`
--

INSERT INTO `products` (`product_id`, `product_name`, `product_quantity`, `additional_specifications`, `category_id`, `deleted`, `created_at`, `updated_at`, `deleted_at`, `created_by`, `updated_by`, `deleted_by`) VALUES
(1, 'ring', 120, '', 1, 0, '2019-05-01 12:03:26', '2019-05-25 19:14:02', '0000-00-00 00:00:00', 0, 0, 0),
(2, 'ring', 130, '', 2, 0, '2019-05-01 12:03:36', '2019-05-25 18:20:23', '0000-00-00 00:00:00', 0, 0, 0),
(3, 'Earring', 0, '', 1, 0, '2019-05-01 12:03:48', '2019-05-03 16:01:21', '0000-00-00 00:00:00', 0, 0, 0),
(4, 'Necklace', 389, '', 1, 0, '2019-05-01 12:04:01', '2019-05-25 00:16:40', '0000-00-00 00:00:00', 0, 0, 0),
(5, 'Baali', 0, '', 1, 0, '2019-05-01 12:04:09', '2019-05-03 15:57:27', '0000-00-00 00:00:00', 0, 0, 0),
(6, 'Bracelet', 0, '', 1, 0, '2019-05-01 12:04:23', '2019-05-02 11:45:06', '0000-00-00 00:00:00', 0, 0, 0),
(1013, 'Extra Product', 0, '', 4, 1, '2019-05-02 02:45:05', '2019-05-03 13:32:33', '2019-05-23 22:20:49', 0, 0, 0),
(1014, 'Chain', 32, '', 1, 0, '2019-05-04 00:19:39', '2019-05-25 18:20:23', '0000-00-00 00:00:00', 0, 0, 0),
(1015, 'buti', 7.8, '', 1, 0, '2019-05-04 00:38:09', '0000-00-00 00:00:00', '0000-00-00 00:00:00', 0, 0, 0);

-- --------------------------------------------------------

--
-- Table structure for table `purchases`
--

CREATE TABLE `purchases` (
  `purchase_id` int(11) NOT NULL,
  `supplier_id` int(11) NOT NULL,
  `purchase_title` varchar(255) NOT NULL,
  `date_of_purchase` date NOT NULL,
  `total_purchase_amount` double NOT NULL,
  `deleted` int(1) NOT NULL DEFAULT '0',
  `created_at` datetime NOT NULL DEFAULT CURRENT_TIMESTAMP,
  `updated_at` datetime NOT NULL,
  `deleted_at` datetime NOT NULL,
  `created_by` int(11) NOT NULL,
  `updated_by` int(11) NOT NULL,
  `deleted_by` int(11) NOT NULL
) ENGINE=InnoDB DEFAULT CHARSET=latin1;

--
-- Dumping data for table `purchases`
--

INSERT INTO `purchases` (`purchase_id`, `supplier_id`, `purchase_title`, `date_of_purchase`, `total_purchase_amount`, `deleted`, `created_at`, `updated_at`, `deleted_at`, `created_by`, `updated_by`, `deleted_by`) VALUES
(4, 15, '1st Purchase', '2019-05-03', 1725250, 0, '2019-05-03 16:21:37', '2019-05-03 16:21:37', '0000-00-00 00:00:00', 0, 0, 0),
(5, 911, '', '2019-05-04', 334750, 0, '2019-05-04 00:22:33', '2019-05-04 00:22:34', '0000-00-00 00:00:00', 0, 0, 0),
(6, 13, '', '2019-05-04', 87550, 0, '2019-05-04 00:24:35', '2019-05-04 00:24:36', '0000-00-00 00:00:00', 0, 0, 0),
(7, 10, 'dfs', '2019-05-09', 666822, 0, '2019-05-09 17:14:41', '2019-05-09 17:14:41', '0000-00-00 00:00:00', 0, 0, 0);

-- --------------------------------------------------------

--
-- Table structure for table `purchase_product`
--

CREATE TABLE `purchase_product` (
  `purchase_id` int(11) NOT NULL,
  `product_id` int(11) NOT NULL,
  `product_rate` double NOT NULL,
  `product_quantity` double NOT NULL,
  `unit` varchar(5) NOT NULL
) ENGINE=InnoDB DEFAULT CHARSET=latin1;

--
-- Dumping data for table `purchase_product`
--

INSERT INTO `purchase_product` (`purchase_id`, `product_id`, `product_rate`, `product_quantity`, `unit`) VALUES
(4, 4, 3350, 500, 'gm'),
(5, 1, 3250, 100, 'gm'),
(6, 2, 400, 50, 'gm'),
(6, 4, 3250, 20, 'gm'),
(7, 1, 3520, 120, 'gm'),
(7, 2, 2250, 100, 'gm');

-- --------------------------------------------------------

--
-- Table structure for table `roles`
--

CREATE TABLE `roles` (
  `role_id` int(11) NOT NULL,
  `role_name` varchar(255) NOT NULL,
  `access_rights` text NOT NULL,
  `deleted` int(1) NOT NULL DEFAULT '0',
  `created_at` datetime NOT NULL DEFAULT CURRENT_TIMESTAMP,
  `updated_at` datetime NOT NULL,
  `deleted_at` datetime NOT NULL,
  `created_by` int(11) NOT NULL,
  `updated_by` int(11) NOT NULL,
  `deleted_by` int(11) NOT NULL
) ENGINE=InnoDB DEFAULT CHARSET=latin1;

-- --------------------------------------------------------

--
-- Table structure for table `suppliers`
--

CREATE TABLE `suppliers` (
  `supplier_id` int(11) NOT NULL,
  `supplier_name` varchar(255) NOT NULL,
  `supplier_shopname` varchar(255) NOT NULL,
  `supplier_address` text NOT NULL,
  `supplier_contact` varchar(10) NOT NULL,
  `supplier_email` varchar(255) NOT NULL,
  `gst_no` varchar(255) NOT NULL,
  `deleted` int(1) NOT NULL DEFAULT '0',
  `created_at` datetime NOT NULL DEFAULT CURRENT_TIMESTAMP,
  `updated_at` datetime NOT NULL,
  `deleted_at` datetime NOT NULL,
  `created_by` int(11) NOT NULL,
  `updated_by` int(11) NOT NULL,
  `deleted_by` int(11) NOT NULL
) ENGINE=InnoDB DEFAULT CHARSET=latin1;

--
-- Dumping data for table `suppliers`
--

INSERT INTO `suppliers` (`supplier_id`, `supplier_name`, `supplier_shopname`, `supplier_address`, `supplier_contact`, `supplier_email`, `gst_no`, `deleted`, `created_at`, `updated_at`, `deleted_at`, `created_by`, `updated_by`, `deleted_by`) VALUES
(528, 'Dr. Myrl Weimann', 'Nitzsche, Barrows and Carroll', '5095 Jennifer Hill Apt. 884\nLuettgenfort, KS 44552-5270', '115.737.75', 'jamel93@example.com', '99sqmktkmrtx', 0, '1983-02-14 23:00:20', '2003-09-12 08:56:42', '1993-04-23 04:00:51', 1, 0, 0),
(529, 'Prof. Mary Kohler V', 'Farrell-Olson', '60092 Lottie Loop\nSouth Enos, AZ 35455', '729-161-18', 'reta16@example.net', '33pbiomvprmt', 0, '2007-09-23 00:01:38', '1995-01-01 07:55:43', '2011-07-10 04:37:39', 1, 1, 0),
(530, 'Mr. Watson Reichert II', 'Fisher-Harber', '61442 Dickinson Meadows\nPacochashire, OH 89573-6671', '0359294668', 'vblanda@example.org', '50hsxvkerdth', 0, '2018-03-16 16:03:21', '1980-01-16 11:30:21', '1994-05-24 17:01:26', 1, 0, 0),
(531, 'Mr. Eliseo Bahringer II', 'Ferry, Ebert and Lesch', '89177 Madelynn Highway\nWeimannhaven, MN 75778', '679.811.06', 'princess85@example.org', '70qyexbpyxeh', 0, '2008-11-05 00:00:30', '2016-01-22 13:21:46', '1998-04-29 01:48:25', 0, 0, 1),
(532, 'Weston Beer', 'Windler, Casper and Hilll', '800 Sedrick Gardens\nLake Oswaldo, IN 91466-5448', '+42(1)0940', 'zschmidt@example.net', '85xubfeoopfd', 0, '2010-04-21 13:05:32', '1991-11-21 21:33:47', '2002-12-03 22:04:52', 1, 1, 0),
(533, 'Queenie Stroman', 'Metz Inc', '460 Conrad Heights\nEsperanzaport, WA 39910-7239', '(284)474-7', 'cummings.marta@example.org', '84bvvwgvnmrs', 0, '1977-02-15 21:24:22', '1992-06-16 08:17:09', '2000-02-23 15:40:24', 0, 0, 1),
(534, 'Mia Brown', 'Stokes-Volkman', '2177 Amalia Divide Apt. 668\nErickaberg, DE 85455-1981', '903.871.06', 'rory.marquardt@example.com', '05hvtinlvziu', 0, '2002-04-18 03:15:53', '1995-03-15 15:54:38', '2014-03-22 03:37:37', 1, 1, 1),
(536, 'Emiliano Dach', 'Kuhn Inc', '010 Rolfson Neck\nLake Darwin, NH 57887-4757', '965.487.54', 'callie52@example.com', '88ppuuagzsrz', 0, '1992-04-22 12:04:18', '1979-06-05 01:10:11', '2016-06-05 15:22:00', 1, 1, 1),
(537, 'Kenyon Mueller', 'Waelchi, Wuckert and Hirthe', '875 Pollich Burg Suite 854\nWestmouth, WY 14444-7389', '1-768-217-', 'hegmann.tyler@example.org', '88amphrebkmn', 0, '2019-03-27 00:51:01', '2001-07-24 16:19:54', '1973-08-05 23:22:12', 1, 0, 0),
(540, 'Linnie O\'Reilly', 'Adams, Anderson and Friesen', '0225 Alejandra Street\nSvenstad, MO 00106', '031.813.90', 'aadams@example.net', '45zorsnidqhs', 0, '2006-10-07 21:39:15', '1997-03-15 18:48:20', '2011-12-28 07:43:38', 1, 0, 0),
(546, 'Waldo Stroman DDS', 'Herzog-Fisher', '50264 Pagac Stravenue\nHanebury, KS 56408', '286.808.56', 'cristobal01@example.net', '67xarohdumpm', 0, '1987-06-03 09:29:41', '2000-08-29 19:26:05', '1988-11-22 08:13:03', 1, 0, 1),
(547, 'Vita Haley', 'Keebler-Schuster', '09955 Letha Island Apt. 878\nPort Rossieville, FL 47811', '926-253-00', 'nmcdermott@example.org', '95qooczuohuc', 0, '1993-03-05 19:45:46', '1998-07-07 11:34:21', '1989-07-02 17:18:00', 0, 0, 0),
(548, 'Reginald Cummerata', 'Pfannerstill, Klocko and Hagenes', '691 Eleanora Turnpike Apt. 813\nGrantfurt, NM 82009', '1-037-160-', 'west.rafaela@example.com', '33pttrlmgyii', 0, '1972-05-11 09:27:32', '2015-08-08 04:14:35', '1984-02-27 06:31:17', 0, 1, 1),
(549, 'Prof. Elvie Rowe', 'Goldner Group', '1630 Jacques Glens\nEast Elissa, OR 30133-7969', '+33(1)8269', 'acrist@example.net', '41dmjnbgeqys', 0, '1981-01-29 13:53:59', '1996-08-03 00:37:28', '1988-11-25 03:39:42', 0, 0, 0),
(550, 'Amy Cole', 'White Inc', '5921 Cecilia Square Apt. 711\nWest Kailee, OR 75658-3687', '389-414-69', 'ebednar@example.net', '04unfevzpsxc', 0, '1980-02-29 19:27:28', '1984-05-04 12:22:00', '1970-09-23 20:39:31', 1, 0, 1),
(551, 'Prof. Deven Schaden', 'King, Morissette and Bartoletti', '136 Kasandra Via Apt. 812\nChristyland, AR 75182', '633-916-56', 'rstiedemann@example.com', '29mqzdptkzat', 0, '1997-11-22 14:05:57', '2010-09-03 22:22:17', '1987-12-26 21:22:59', 0, 1, 1),
(555, 'Demarco Hegmann II', 'Wyman LLC', '0969 Hand Mountain\nNorth Lisa, NE 45849', '146.095.38', 'kkrajcik@example.com', '92nwmehejegf', 0, '1993-09-04 01:59:20', '1985-12-09 06:23:04', '1986-06-06 07:36:26', 0, 1, 0),
(556, 'Mrs. Micaela Thompson', 'Schultz-Heaney', '4758 Moore Inlet\nWest Bette, TN 15882', '1-880-950-', 'lucienne.hegmann@example.com', '20uzdqmdfngn', 0, '2018-08-21 16:01:44', '2010-07-10 13:05:17', '2016-09-03 19:55:09', 0, 1, 0),
(558, 'Mr. Ole McClure', 'Bruen LLC', '13006 Ben Manors\nNew Carole, WV 37094-5615', '(051)937-5', 'kamryn27@example.com', '59lshixmmaxw', 0, '1971-01-29 05:03:54', '2014-02-17 14:33:47', '1972-08-22 15:18:47', 0, 1, 0),
(559, 'Domenick Jakubowski', 'Ferry PLC', '231 Toy Islands Suite 613\nWest Clarissastad, SD 63329-2155', '1-231-388-', 'mallie97@example.org', '06pzlirpemlr', 0, '1999-12-23 17:14:21', '2004-10-23 07:19:37', '1974-01-24 04:46:30', 1, 1, 1),
(561, 'Bernita Nienow', 'Olson-White', '6884 Frami Locks\nSouth Amirafurt, KY 53652-5861', '1-495-106-', 'adolfo.volkman@example.net', '59zhfdimevwq', 0, '1982-01-15 02:47:51', '2008-08-23 15:07:26', '1988-03-06 19:10:51', 0, 1, 0),
(565, 'Ezra Wolf IV', 'Schoen-Kunde', '125 Oliver Crescent\nArnaldoshire, ME 96531-3388', '(384)396-4', 'heller.efrain@example.org', '75itwbbssyta', 0, '1977-07-16 04:19:31', '2004-12-18 08:13:11', '1984-06-23 08:21:30', 1, 1, 1),
(566, 'Geoffrey Reichel DDS', 'Zboncak, Kuhn and Gorczany', '722 Anne Inlet\nNorth Cristopher, NV 96662', '403.890.97', 'ibraun@example.net', '41kdmuiqzxug', 0, '1978-05-17 13:15:53', '2013-06-07 15:40:44', '1982-11-19 14:56:05', 0, 0, 0),
(567, 'Augusta Witting DVM', 'Moore-Koss', '235 Buckridge Row Suite 745\nWest Mable, DE 78189', '935.550.80', 'award@example.com', '42xwomckdtpv', 0, '1994-11-21 11:23:58', '1981-09-22 06:04:34', '1980-12-30 11:44:49', 1, 1, 1),
(568, 'Kadin Padberg', 'Mills, Kub and Farrell', '5124 Brisa Bridge Suite 311\nPort Christy, VT 44779-1175', '(351)901-2', 'simeon98@example.net', '47nvkblgrwbh', 0, '2010-09-13 10:41:55', '2004-01-18 06:56:56', '2016-09-14 04:58:34', 0, 0, 1),
(569, 'Vaughn Braun', 'Beatty-Block', '106 Morgan Islands\nHailiechester, NE 66954-5715', '+18(8)0701', 'jany.mosciski@example.org', '71hrandxnsqn', 0, '2011-09-27 19:16:35', '2016-05-18 14:14:34', '2000-06-29 13:01:40', 0, 1, 0),
(571, 'Vita Huel II', 'Watsica, Glover and Shields', '59362 DuBuque Haven Suite 438\nKunzebury, HI 20815', '025-167-37', 'roberts.bianka@example.org', '90dpbhhcmmsm', 0, '2005-07-20 13:34:38', '2000-09-17 14:43:44', '2002-10-21 12:48:52', 0, 0, 0),
(572, 'Dr. Milo Wyman', 'DuBuque-King', '1542 Frederick Mission Apt. 244\nJalenland, ID 76292-7321', '1-361-881-', 'sunny.zulauf@example.org', '81oykjwsbqja', 0, '1985-07-25 13:56:12', '1971-10-14 10:37:15', '1970-03-23 19:22:15', 1, 1, 1),
(573, 'Mrs. Clemmie Marquardt DVM', 'Sauer-Mohr', '1332 Denis Ville\nPort Marcel, NE 95668', '1-317-661-', 'gibson.jeff@example.com', '18uwzidnhoas', 0, '1982-07-12 00:53:20', '2019-03-02 15:16:54', '1988-09-26 04:06:54', 1, 0, 1),
(574, 'Aisha Moore PhD', 'Balistreri-Spencer', '52126 Rosenbaum Crescent Suite 316\nWest Cordellland, NJ 02300-8434', '929.081.50', 'olga92@example.com', '66tkitszrwex', 0, '2004-07-09 18:58:49', '2007-03-27 05:01:05', '1999-12-17 06:57:24', 0, 1, 1),
(575, 'Dr. Rodger Volkman', 'Kris LLC', '386 Reina Shore Apt. 368\nPort Lupe, WV 60448', '932-802-86', 'wolf.icie@example.net', '25mtrgpwoift', 0, '1987-09-26 06:01:22', '1979-10-21 15:38:48', '1997-03-07 04:18:44', 1, 0, 0),
(576, 'Prof. Kayla Homenick V', 'Wintheiser-Kohler', '913 Lavern Shore Suite 581\nEast Baronburgh, VA 46288', '(378)967-5', 'owolf@example.net', '49jfimvbbmut', 0, '1988-03-15 23:07:19', '2012-12-12 20:18:29', '1990-11-24 19:43:18', 1, 0, 0),
(577, 'Will Medhurst PhD', 'Rau, Rosenbaum and Kreiger', '67985 Hackett Vista\nNew Aric, NY 91798-7704', '(056)657-6', 'crona.doyle@example.org', '22rxdbbnzgpc', 0, '1983-09-28 22:53:52', '1999-12-17 21:49:56', '2001-06-13 11:26:27', 1, 1, 1),
(578, 'Abdul Baumbach', 'Boehm Inc', '958 Gerhold Locks Apt. 788\nEffiestad, MI 92212-2231', '600.901.64', 'adah25@example.com', '71nziuweizzi', 0, '1998-02-17 09:39:29', '1979-12-20 11:39:08', '2008-09-02 13:59:17', 0, 1, 1),
(580, 'Sharon Huels', 'Vandervort, Harvey and Hilpert', '7008 Kuphal Mountain\nNorth Simoneport, NE 18539', '(266)980-2', 'zconn@example.net', '16mvfnqueidm', 0, '1999-02-13 08:15:07', '2008-05-08 02:11:07', '1993-01-02 05:10:09', 1, 1, 0),
(581, 'Talon Schamberger', 'Hickle-Fadel', '1330 Gino Cliffs Suite 625\nDurganside, MN 50536-5395', '+57(0)3539', 'kbraun@example.com', '31ucamviwocg', 0, '1977-01-21 07:11:08', '1994-07-08 12:43:24', '1988-06-04 06:48:47', 1, 1, 0),
(582, 'Dr. Jean Ebert IV', 'Schaefer, Farrell and Schneider', '225 Citlalli Common Suite 950\nAdeliaside, FL 25934', '871-527-80', 'kelsi66@example.com', '28vwarmcolny', 0, '1996-11-23 00:40:09', '1988-06-05 15:22:30', '1976-11-24 06:52:37', 1, 1, 0),
(583, 'Sylvan Walter III', 'Leffler, Bradtke and Kuhic', '988 Amiya Dam\nAldentown, WA 42696-9045', '(679)466-0', 'vern94@example.net', '54eazldavepk', 0, '2009-11-11 05:08:14', '1993-11-04 11:16:09', '1993-05-29 21:11:55', 0, 0, 0),
(587, 'Merle Willms', 'Gulgowski-Littel', '163 Jarrett Lake\nNorth Gerry, OH 01304', '1-637-151-', 'cgrady@example.net', '79ertqsgcnuv', 0, '1988-03-06 09:59:37', '2009-01-24 16:05:05', '2014-12-17 20:11:19', 0, 0, 1),
(588, 'Chandler Dicki', 'Swift, Corwin and Little', '0165 Klocko Ford Apt. 448\nPort Delphine, NV 52414-0644', '1-132-325-', 'mhodkiewicz@example.org', '36rkhyxxkpam', 0, '2009-08-17 15:53:23', '1982-08-04 06:07:40', '2000-08-16 16:40:56', 1, 0, 1),
(591, 'Claud Dicki', 'Pouros, Kerluke and Hansen', '443 Katelin Center\nEast Verdie, WY 40154', '0450196137', 'ericka18@example.com', '41aghozyzrgb', 0, '1993-06-03 21:18:37', '2005-03-31 09:42:03', '2008-05-13 11:39:23', 1, 0, 0),
(593, 'Mr. Ambrose Dickinson', 'Morar, Barrows and Bogan', '71189 Molly Port\nEast Anahi, MN 72224', '1-062-723-', 'lraynor@example.org', '82kfshpjvgsv', 0, '1991-10-29 12:21:20', '1985-08-20 20:01:45', '1972-08-09 18:05:25', 0, 1, 1),
(595, 'Taylor Ortiz IV', 'Rice and Sons', '21390 Hertha Plaza\nPort Oranberg, NV 35825-1557', '(008)794-8', 'neva.treutel@example.net', '50wvreuexohd', 0, '2018-04-01 10:50:22', '2009-05-17 12:46:52', '2001-01-28 12:16:13', 0, 0, 1),
(596, 'Kamron Vandervort', 'Schroeder-Gleichner', '809 Etha Mission\nKuphalborough, KY 74358', '+63(6)7189', 'zulauf.freda@example.org', '51bdbtbckcwr', 0, '2003-09-18 14:25:22', '2010-11-29 16:32:33', '1995-04-24 20:49:28', 0, 1, 0),
(597, 'Chelsey Schmidt', 'Crist, Willms and Dietrich', '27245 Gleichner Plains Suite 526\nPort Groverport, AZ 25036', '559.217.14', 'cletus44@example.org', '13yqztlijsjw', 0, '1973-12-01 15:49:36', '2001-09-12 02:51:15', '1971-09-02 19:30:40', 0, 1, 0),
(600, 'Laisha Hand DVM', 'Rogahn-Willms', '11635 Omer Ridge Apt. 019\nAllieland, SC 99515-3169', '1-050-187-', 'kiana15@example.com', '44vppskerzuo', 0, '2009-10-01 18:37:18', '1983-04-20 06:24:12', '2001-12-25 09:59:35', 1, 1, 1),
(603, 'Naomi McGlynn', 'Lueilwitz, Blick and Sauer', '72743 Simonis Trafficway\nEast Madelynn, FL 15400-7202', '379.241.70', 'steve.schmitt@example.org', '15tzfkzpsygx', 0, '1983-07-02 22:57:26', '1998-05-16 07:50:51', '2000-04-18 19:21:34', 1, 1, 0),
(604, 'Mr. Hilbert Rodriguez Jr.', 'Blick-Heller', '004 Adams Squares Apt. 516\nPort Bryon, MA 85923', '(448)240-1', 'tara80@example.com', '34jwrmmamsiq', 0, '2009-05-05 07:18:38', '2013-12-30 17:05:15', '1970-02-22 01:17:11', 0, 1, 0),
(605, 'Mr. Keyshawn Ernser', 'Vandervort, Hodkiewicz and Stoltenberg', '2719 Towne Pine\nBalistreriview, SC 29434', '898-757-81', 'pstamm@example.net', '67afvggauaue', 0, '1988-09-21 21:29:00', '2018-08-04 12:49:02', '2005-01-12 01:20:37', 1, 1, 0),
(608, 'Annamarie Auer PhD', 'Hansen-Homenick', '16765 Cierra Plains\nNorth Earnest, TX 46130', '563.582.52', 'phyllis.feil@example.net', '83vggskyzlpx', 0, '1981-11-14 18:06:12', '2010-11-19 21:29:09', '1984-07-24 03:11:09', 1, 1, 1),
(609, 'Andreane Okuneva', 'Marks LLC', '5774 Goodwin Trace Apt. 595\nEast Icieborough, OH 69999', '1-150-140-', 'rhianna.anderson@example.net', '22tjhnbyyuia', 0, '2004-09-07 12:23:42', '1970-08-08 08:48:33', '2019-01-05 00:39:01', 0, 0, 1),
(610, 'Mrs. Ima Reynolds IV', 'Bergnaum, Renner and Torp', '24882 Price Loaf\nEast Meghan, SC 94589-5717', '(418)869-6', 'ltowne@example.net', '56haesoepudp', 0, '2006-10-19 09:55:43', '1978-08-04 15:05:25', '2013-02-08 03:02:36', 0, 1, 1),
(615, 'Yvette Gerlach', 'Littel, Murphy and Herman', '09397 Kiehn Crossing Suite 442\nLake Lethaburgh, NM 74281-1967', '948-171-65', 'sage87@example.com', '25pfworayjml', 0, '2010-08-15 00:33:27', '2015-06-14 06:47:41', '2017-04-05 09:36:20', 1, 0, 1),
(618, 'Chanel Cronin', 'Kunze-Kihn', '5360 Hilda Villages Apt. 594\nEast Maritzaview, SC 16408-6354', '425.133.80', 'walker.timothy@example.net', '09bxrpkmcsrw', 0, '2008-05-30 00:37:20', '1987-04-09 09:42:13', '1982-08-09 14:04:33', 0, 0, 0),
(621, 'Miss Ettie Langosh III', 'Schuppe-Satterfield', '67371 Hodkiewicz Skyway Suite 320\nWest Abe, VT 57401', '1-191-932-', 'hkuhlman@example.com', '38oxhihduggx', 0, '1973-06-18 14:46:17', '1994-12-01 20:42:24', '2018-04-23 11:50:45', 1, 0, 1),
(625, 'Jacky Reinger', 'Spinka-Stehr', '5556 Larkin Knolls Suite 119\nGiovannaberg, TX 19726', '1-185-750-', 'naufderhar@example.org', '88cxzrragodc', 0, '2007-12-21 18:54:09', '1972-12-27 05:12:59', '1999-04-27 17:10:24', 0, 1, 0),
(628, 'Sibyl Wisozk', 'Monahan-Sanford', '071 Pietro Landing\nLilyanstad, LA 55000', '(506)955-5', 'corkery.alek@example.com', '05uqjzdaximb', 0, '1983-06-02 00:49:26', '2017-02-07 06:57:27', '1975-04-06 23:56:47', 0, 0, 0),
(629, 'Jazmin Boyer', 'Hilll PLC', '986 Chanelle Heights\nStarkburgh, MD 01553-0855', '428.402.69', 'allan84@example.net', '29nclrzgcdfa', 0, '1985-03-06 02:29:43', '1983-07-29 12:00:47', '1980-09-23 04:53:07', 0, 0, 1),
(630, 'Prof. Dustin Lesch', 'Mills-Spinka', '3877 Leopold Trail\nVictorfurt, NV 81714', '491-875-96', 'alysa96@example.org', '11vfiffniesw', 0, '1992-04-28 03:31:07', '1994-11-18 08:35:42', '1993-04-01 03:53:31', 0, 0, 1),
(631, 'Mrs. Yoshiko Pollich II', 'Heller, Wintheiser and Kerluke', '1148 Richard Drive\nNicolaschester, MA 65244', '(303)905-0', 'o\'connell.kathryne@example.com', '83woqexqfwfo', 0, '1995-03-21 02:53:12', '2012-03-28 01:36:19', '2003-08-10 13:52:26', 1, 0, 0),
(633, 'Monica Kris Jr.', 'Bogan-Deckow', '75425 Bruen Motorway\nUrbanton, UT 87844-3761', '1-872-040-', 'wanderson@example.net', '04xhhfllpgdl', 0, '1994-04-24 18:08:57', '1976-03-05 00:01:52', '2013-05-21 04:32:40', 0, 1, 0),
(634, 'Margaretta Hills', 'Okuneva, McClure and Kerluke', '86385 Trudie Extensions\nEarleneton, UT 25665', '1-356-355-', 'grady.janelle@example.com', '19nhgqwmklzk', 0, '2016-05-17 04:39:46', '2000-04-18 06:28:32', '2007-06-11 04:18:44', 0, 0, 1),
(636, 'Wilma Nikolaus', 'Hansen Inc', '578 Wolff Harbor Apt. 851\nEstrellaland, TN 95103-7884', '1-956-765-', 'ned70@example.com', '17bkexiylerl', 0, '2004-07-01 05:21:04', '1979-06-06 09:00:47', '1993-06-06 21:56:09', 0, 1, 0),
(637, 'Adaline Kunze', 'Jacobi, Marks and Reynolds', '426 West Divide\nHelgabury, IL 03545-0732', '264-432-09', 'braden55@example.org', '60rrvjseqhmi', 0, '1977-03-16 01:11:17', '1975-07-23 00:24:49', '1977-05-16 05:09:08', 0, 1, 1),
(639, 'Maurice Borer', 'Wisoky-Zieme', '384 Hills Lakes Suite 390\nEast Kendramouth, OH 94500-9537', '1-338-746-', 'asa.von@example.org', '56opmgahbook', 0, '2018-10-13 11:59:18', '1977-03-16 20:19:32', '1999-10-30 07:06:45', 0, 0, 1),
(642, 'Jolie King', 'Boehm and Sons', '203 Bartell Fall Suite 570\nDaisytown, NH 13546-4124', '090.388.28', 'xkuhic@example.org', '24gpkqfkchdz', 0, '2014-01-30 05:25:32', '1991-07-24 07:18:58', '2007-10-01 04:09:51', 1, 1, 1),
(644, 'Dr. Effie Koch', 'Gorczany Group', '77719 Lowe Mission Suite 631\nLake Jadaborough, AR 07540-9231', '1-484-365-', 'bernier.kathleen@example.org', '69oynurkxxpy', 0, '2012-07-05 10:07:27', '1983-01-17 01:56:12', '2004-12-16 00:00:17', 1, 1, 0),
(646, 'Peyton Boyle', 'Kuhic, Gislason and Muller', '3109 Parisian Shoal Suite 459\nFeeneychester, KY 22173', '1-866-310-', 'maybell.o\'hara@example.com', '20ygkwwuyjsn', 0, '1986-02-25 03:05:36', '2001-02-16 10:27:04', '1991-12-14 14:12:14', 1, 0, 1),
(647, 'Sam Rau PhD', 'Bayer-Feil', '2911 Quinn Valleys\nEast Hobartmouth, NC 51025', '+68(9)7167', 'ebreitenberg@example.com', '22iohanfxhhv', 0, '1996-05-25 20:39:28', '2015-09-02 21:31:00', '1983-02-19 08:19:54', 1, 1, 1),
(648, 'Meredith Runolfsson', 'Gleason, Gulgowski and Monahan', '27695 Hessel Roads\nLake Leone, GA 80129', '829-171-56', 'vinnie64@example.com', '98zjlamqjfpr', 0, '2009-07-14 13:21:49', '1989-04-27 23:50:45', '1995-06-13 10:59:42', 0, 1, 0),
(650, 'Trisha Bernier', 'Abshire-Pfannerstill', '308 Cremin Station Apt. 324\nWest Ileneborough, CA 28479-3207', '992-008-97', 'leuschke.daniella@example.com', '79yhgzkbslat', 0, '1984-02-18 00:54:12', '1975-02-22 02:54:25', '1988-12-26 23:00:43', 0, 0, 0),
(652, 'Dr. Wallace Greenfelder Jr.', 'Shields, Schultz and Rempel', '21757 Jenkins Mountains Apt. 324\nNorth Laurelmouth, NV 04882', '(237)146-7', 'paucek.cristal@example.net', '64umrioedtig', 0, '1993-03-22 15:21:37', '1972-12-05 04:23:30', '1976-02-19 02:25:12', 1, 0, 1),
(655, 'Mrs. Flossie Gorczany', 'Mann-Kovacek', '912 Gleichner Courts Apt. 869\nAlyssonmouth, CT 63660-6371', '+89(9)1552', 'garfield49@example.net', '19yzrqymmoac', 0, '1990-06-29 13:55:41', '1977-06-11 00:55:23', '1977-06-25 02:12:39', 1, 0, 1),
(656, 'Mr. Hester Bogan IV', 'Gerhold Inc', '484 Alexzander Creek Suite 875\nLake Madelynberg, MS 04762', '706.818.21', 'leonie68@example.net', '47rvuwblabli', 0, '2014-01-17 20:07:16', '1988-01-13 05:32:15', '2011-01-07 06:26:34', 1, 1, 1),
(657, 'Bobby Hane', 'Koch, Mayert and Kris', '47601 Konopelski Squares\nPort Kallie, IA 80926', '1-320-184-', 'pacocha.torrey@example.org', '14hukowhnjto', 0, '2007-10-20 23:55:37', '1986-11-23 09:15:11', '2016-03-05 21:52:31', 0, 1, 0),
(658, 'Mariane Wintheiser', 'Hansen, Kunze and Zieme', '4492 Ottilie Spring Suite 812\nPort Effie, OH 18078-5431', '1-520-432-', 'gusikowski.laury@example.net', '66ohygxjrjgt', 0, '2015-08-16 10:21:58', '2009-02-23 02:39:40', '1991-10-21 07:22:46', 1, 0, 0),
(659, 'Harvey Carroll', 'Rutherford PLC', '74347 Tromp Row\nRobertschester, HI 35294', '691-836-92', 'freddy76@example.org', '94tbijkioglj', 0, '1990-03-17 19:23:04', '1995-02-18 02:13:18', '2008-07-10 05:47:02', 0, 0, 0),
(665, 'Darian Dickens', 'Hyatt-Stoltenberg', '793 Ebba Mountains Apt. 345\nBoburgh, AK 79487', '858.448.04', 'lauryn00@example.com', '47mekecuujyy', 0, '1997-02-19 14:47:04', '1974-02-11 14:33:27', '1997-01-08 02:54:31', 0, 0, 1),
(667, 'Prof. Cleveland Ritchie DDS', 'Kohler-Muller', '0622 Rocio Route\nNorth Cristopher, TX 36595', '(367)585-8', 'bette12@example.com', '81ttuncencxi', 0, '1988-10-23 18:49:30', '1987-05-31 16:11:58', '1984-07-02 09:48:50', 0, 0, 0),
(671, 'Neha Herzog', 'Bashirian and Sons', '3228 Burley Causeway Suite 343\nNathenstad, MI 30093-1823', '+82(3)1964', 'mertz.terry@example.org', '47ppsgjutkrz', 0, '2008-05-07 13:24:20', '1976-11-03 10:18:23', '1975-04-13 04:41:49', 0, 0, 1),
(672, 'Robb Braun', 'Pfannerstill, Pagac and Rau', '5674 Janet Lake Apt. 703\nLake Alekside, NH 11645-5238', '(818)511-3', 'ukuphal@example.com', '18rdxwjelgyc', 0, '2012-04-16 15:57:05', '1984-10-02 21:01:15', '2007-03-27 19:03:41', 0, 0, 1),
(673, 'Dr. Jeffry Fritsch III', 'Auer, Beahan and Becker', '25836 Wiley Way Apt. 029\nMcGlynnland, MT 14966', '(111)981-9', 'vivianne89@example.org', '03xkizvpvdla', 0, '1983-01-25 02:18:44', '2002-07-24 22:16:30', '2010-09-28 20:40:02', 0, 0, 1),
(677, 'Otto Kris', 'Blanda, Macejkovic and Gerhold', '3283 Hattie Court Suite 663\nPort Jamesonport, NE 78428-4587', '965.610.01', 'hglover@example.org', '05ajwjrvuqiw', 0, '1982-01-06 13:30:49', '1992-03-13 08:15:51', '2003-04-28 09:08:53', 0, 1, 0),
(681, 'Marion Hirthe', 'Lehner, Runolfsson and Schowalter', '54418 Eldora Groves\nNorth Titoberg, IL 18946', '0192513429', 'nrippin@example.org', '07eyywwxobxq', 0, '1978-08-09 06:02:44', '2009-02-19 16:43:30', '1974-04-22 13:22:51', 1, 1, 1),
(682, 'Mona Bernhard', 'Schmitt Group', '12306 Avery Oval Suite 183\nWest Kylertown, CT 46645-9895', '226.093.09', 'olittle@example.com', '70ejlutmsyje', 0, '2006-02-21 16:53:41', '1982-06-10 04:36:13', '1971-12-20 23:56:32', 0, 1, 1),
(683, 'Isabella Stamm', 'Lesch-Skiles', '5765 Leffler Ports Apt. 515\nPort Laverne, CT 86030-1634', '943-449-58', 'mthompson@example.net', '94yawpgwokxz', 0, '2012-02-19 13:01:02', '1986-03-24 15:17:00', '2013-04-11 08:25:21', 1, 1, 0),
(686, 'Jordi Champlin', 'Abbott-Sporer', '85405 Koby Shoal\nSouth Oleta, ID 42635-4940', '006.909.71', 'morissette.carroll@example.net', '54axvcvljblb', 0, '1997-01-03 01:11:58', '1975-07-16 07:25:41', '1983-11-07 18:51:38', 0, 1, 1),
(688, 'Flavio Hyatt', 'Rodriguez Group', '475 Jannie Crossing Suite 825\nPort Madysonfurt, CA 38807-9835', '1-557-579-', 'dino.jaskolski@example.org', '38hxynxwyzpk', 0, '2001-09-03 08:02:20', '1987-09-24 16:39:57', '1985-04-09 05:02:52', 1, 0, 1),
(692, 'Bailee Wolf', 'Parker and Sons', '4941 Magnus Shore\nScottiestad, TX 52884', '068-066-11', 'cyost@example.com', '57fznzwqizxp', 0, '1976-09-07 01:32:50', '2015-05-25 20:48:59', '2007-04-16 04:47:33', 0, 0, 1),
(695, 'Abdul Larson', 'Watsica-Mertz', '5751 Runte Plains Apt. 922\nCassinville, NY 00251-1999', '0140758383', 'magdalen.ratke@example.net', '82pahjqfoytz', 0, '2016-01-14 22:43:53', '1999-09-20 05:30:10', '1990-06-15 10:17:52', 1, 0, 0),
(696, 'Prof. Alene Waters II', 'Weber-Mosciski', '78285 Ollie Avenue\nDeannaside, CO 43047', '(025)789-3', 'powlowski.eddie@example.org', '73poydejvdec', 0, '1980-06-17 01:17:16', '2008-01-21 12:56:19', '2009-11-29 03:11:18', 1, 1, 0),
(699, 'Ned Aufderhar', 'Marquardt, Hilpert and Tillman', '85954 Parker Circle\nWilkinsonstad, CA 33735-3316', '877.312.42', 'bmaggio@example.net', '18braofdwizy', 0, '1984-01-23 07:03:21', '2004-09-12 13:25:14', '1990-05-31 01:14:47', 0, 0, 0),
(701, 'Evan Murazik IV', 'Stoltenberg, D\'Amore and Heller', '57663 Amelia Gateway\nNew Brigitteport, GA 82234', '0183998600', 'macie.treutel@example.com', '08qaewtpugkt', 0, '2011-01-02 14:53:10', '1993-08-18 16:34:58', '2015-10-26 23:40:21', 0, 0, 0),
(703, 'Karlie Torp Sr.', 'Jenkins, Bernhard and Krajcik', '2536 Ernest Springs\nLake Adolphus, IN 53381-6688', '(209)316-0', 'murazik.germaine@example.org', '89mcablvjeyp', 0, '2010-03-24 08:10:53', '1984-10-19 20:46:20', '1972-08-02 01:04:37', 1, 0, 0),
(708, 'Eula Kris III', 'Effertz, Bruen and Daugherty', '0156 Alphonso Ferry Suite 004\nHilpertview, ID 06277-6525', '(459)148-4', 'spencer.domenico@example.org', '97bpeloiysux', 0, '2008-08-12 07:08:41', '1996-02-18 20:32:21', '2008-06-27 16:45:27', 1, 0, 1),
(709, 'Lindsey Ward', 'McDermott-Moore', '441 Gulgowski Prairie Suite 054\nWintheisermouth, DC 69754-9245', '964-886-57', 'smaggio@example.net', '01srgjzqvcde', 0, '1979-07-28 19:53:19', '2012-10-20 22:08:27', '1977-06-18 22:21:06', 1, 0, 1),
(710, 'Mr. Monserrat Denesik', 'Braun Ltd', '6592 Schmitt Glen\nNew Joana, FL 80219-7612', '1-533-581-', 'lblick@example.com', '31dyuzlskzyt', 0, '1989-01-27 23:25:19', '1972-09-16 10:28:59', '2012-04-30 07:12:04', 1, 0, 1),
(712, 'Cielo Vandervort', 'Rau, Schmitt and West', '9218 Boehm Streets Suite 674\nNorth Sheila, DE 79864', '847.350.54', 'nhirthe@example.com', '02qbnfvnfcsc', 0, '2008-06-05 02:55:33', '2011-09-22 20:48:07', '2000-03-24 07:57:02', 0, 1, 1),
(713, 'Mr. Toy Bode Sr.', 'Bailey-Kulas', '016 Wolf Court Suite 658\nO\'Reillyport, OK 29521', '158-965-51', 'pcummerata@example.org', '39otqfvmzmwa', 0, '1996-12-24 12:56:22', '1974-12-24 11:42:40', '2002-03-15 23:14:34', 0, 0, 1),
(714, 'Jackie Moen III', 'Eichmann-Blanda', '5152 Gaylord Shores\nWintheiserfurt, AR 00042-4305', '858.473.38', 'gregory63@example.org', '09avxuuvoxct', 0, '1996-12-03 07:56:14', '1987-07-20 09:31:22', '2014-08-30 17:20:59', 1, 1, 0),
(718, 'Dr. Kelvin Smitham', 'Littel, Tromp and Murazik', '734 Kerluke Ranch\nWest Susanna, IL 98322', '0981396076', 'ansel71@example.com', '95zxrondsttv', 0, '1973-08-16 19:06:25', '1988-01-31 19:27:30', '2001-03-16 09:32:22', 1, 1, 0),
(720, 'Dr. Jarred Kozey', 'Bruen-Moen', '87606 Dante Square\nWest Terryside, TN 62618', '180.893.73', 'kraig.smith@example.com', '74khmezgrpvt', 0, '2003-03-08 16:56:01', '1984-12-25 11:19:31', '1972-12-11 21:41:43', 0, 0, 1),
(722, 'Ozella Schmidt', 'Bruen, Leffler and Watsica', '31182 Renner Trace\nNorth Bethanyhaven, OK 41367-1406', '(058)356-2', 'anderson.nola@example.net', '57enpoqywhjd', 0, '2001-10-18 08:30:08', '2001-08-07 16:42:19', '2003-10-22 22:50:46', 1, 1, 0),
(724, 'Prof. Roselyn McGlynn', 'Dickinson and Sons', '5846 Nader Terrace\nNew Kellenhaven, ND 43995-4737', '915.880.75', 'gerard17@example.org', '22mzskfexuaz', 0, '1997-01-19 17:14:30', '2011-03-02 16:57:33', '1993-11-14 06:33:35', 1, 0, 1),
(726, 'Jamel Kub PhD', 'Connelly Group', '00052 Dylan Flats Suite 777\nWolfborough, WY 54877', '(056)245-2', 'rhirthe@example.org', '98pqqsoypxxa', 0, '1975-05-25 02:57:40', '1992-07-16 05:41:49', '1994-11-21 03:52:26', 1, 1, 0),
(728, 'Christ Grimes', 'Nader, Grant and Fisher', '6138 Ondricka Lane\nLake Delores, DE 81270', '(110)249-1', 'alta.collier@example.net', '59vpjlhueuqm', 0, '2012-12-21 00:56:38', '1980-12-13 10:37:30', '2011-06-16 20:07:16', 0, 1, 0),
(731, 'Aurelio Kilback', 'Lynch, Blick and Harber', '770 Rey Summit\nNorth Winifred, NY 87912-1265', '(288)239-3', 'fhowe@example.net', '94jyskeddtem', 0, '2014-11-26 04:47:25', '2001-12-24 15:14:34', '1979-07-09 23:37:08', 0, 0, 0),
(734, 'Linda Nitzsche', 'Gutkowski, Beier and Bruen', '11144 Dach Route\nNorth Miles, MO 42188', '335-670-87', 'ztorphy@example.com', '95cvkrebizdz', 0, '2007-12-01 15:08:03', '2002-08-04 12:59:06', '2005-08-10 09:15:57', 0, 1, 0),
(735, 'Mollie Konopelski', 'Kub Group', '835 Gage Row\nWest Rhodaburgh, OK 84795', '(317)069-3', 'schinner.violet@example.com', '66wsndijzpbl', 0, '1986-01-01 12:52:56', '2009-05-12 10:04:42', '1984-06-24 18:53:28', 0, 0, 0),
(739, 'German Daniel MD', 'Wiza, Hauck and Reichel', '8791 Schmidt Ports\nKossburgh, AL 70399-2450', '146-988-14', 'tsipes@example.com', '95bbrvlxepxi', 0, '1988-08-31 23:05:22', '2004-11-09 13:10:00', '2011-02-04 12:58:29', 1, 1, 0),
(743, 'Francesco Volkman', 'Crona, Roob and Russel', '5251 Maxime Shore\nNorth Reneebury, WA 95456-5076', '(696)655-0', 'lina.dare@example.com', '60ijvjocugxx', 0, '1976-07-08 05:49:40', '2017-02-24 17:29:04', '1999-12-30 23:13:40', 1, 0, 0),
(744, 'Jared McGlynn', 'Bayer, Schimmel and Anderson', '266 Koepp Fall Apt. 748\nLuettgenshire, PA 67607-5639', '354-087-08', 'myrl58@example.net', '06wsumwulsia', 0, '2004-01-16 11:24:42', '2018-09-06 08:29:23', '2004-09-23 23:43:30', 0, 0, 1),
(745, 'Payton Schultz', 'Hane, Padberg and Weissnat', '8616 Wolff Points Suite 746\nDoylechester, MA 38439-4671', '1-223-092-', 'rohan.trace@example.com', '27ndfmhjgalw', 0, '1973-10-23 16:58:50', '2000-06-27 22:28:27', '1992-02-12 03:57:25', 1, 0, 0),
(748, 'Miss Verlie Thompson II', 'Okuneva, Goodwin and Runte', '33523 Jeanne Plains\nLake Blanca, FL 06846-0740', '1-417-887-', 'ncummerata@example.net', '70orwumagmsl', 0, '2003-12-26 19:30:45', '1988-10-12 11:26:56', '1979-01-11 10:29:39', 0, 0, 0),
(750, 'Elwyn Hahn', 'Haley LLC', '3920 Floy Knolls Apt. 311\nNew Lempi, TN 82274', '0051586872', 'juvenal.watsica@example.net', '43swcmkpohrf', 0, '1992-04-15 02:23:20', '1979-11-11 09:22:23', '2016-01-05 23:05:01', 0, 1, 0),
(751, 'Brooklyn Howe', 'Conroy Group', '436 Willard Hollow Apt. 818\nNorth Sherman, RI 02060', '(247)267-2', 'vivianne01@example.org', '90wjattrehmi', 0, '1985-02-01 08:56:04', '2012-06-07 20:39:10', '1980-11-08 11:03:10', 0, 1, 1),
(757, 'Sandy Padberg', 'Bashirian-Murazik', '48450 Trantow Dale\nSouth Kaleigh, MT 89443-6939', '117.435.11', 'bhane@example.com', '43vrygrpsehs', 0, '2007-06-05 17:05:48', '1976-07-23 19:42:15', '1985-11-20 09:46:43', 0, 0, 0),
(758, 'Dashawn Koepp', 'Kovacek-Spencer', '6252 Medhurst Shoals Apt. 269\nAlexieborough, DC 41690-8803', '(979)627-0', 'freeman.murray@example.com', '22jicasprerb', 0, '1990-08-28 05:06:00', '1981-02-17 04:30:12', '1989-11-16 09:06:11', 1, 1, 0),
(760, 'Scotty Dickens Jr.', 'Krajcik-Morissette', '5504 Mateo Passage\nNadermouth, UT 30215-2578', '273-892-88', 'koepp.guy@example.org', '96mfswbzpjmf', 0, '2015-09-28 19:10:54', '2011-02-01 03:33:33', '2018-11-27 22:26:02', 1, 0, 1),
(764, 'Prof. Jettie Pouros', 'Quitzon-Olson', '52627 Murray Loop Apt. 147\nSouth Bell, NY 69372', '633-838-37', 'zkuhlman@example.net', '92cplfgtgzhv', 0, '2002-02-15 01:11:37', '2012-10-06 02:58:42', '1975-12-20 07:39:03', 0, 0, 0),
(770, 'Addison Wunsch', 'Roberts LLC', '65070 Coralie Prairie Suite 577\nNoemiebury, NH 79314-7523', '1-434-104-', 'minerva.bauch@example.net', '76fexddpodgm', 0, '1986-05-21 01:39:50', '2014-04-27 04:10:39', '2003-03-31 07:19:58', 1, 0, 1),
(771, 'Dr. Derrick Miller', 'Deckow, Labadie and Koelpin', '234 Ratke Villages Apt. 832\nThompsonbury, VT 15867-4541', '1-792-789-', 'uromaguera@example.org', '73eyrgtvkqlj', 0, '1992-11-20 02:40:10', '2003-08-26 10:54:27', '1974-12-30 13:54:56', 1, 1, 1),
(772, 'Leslie Kozey', 'Wunsch-Deckow', '7846 Hayes Expressway\nLakintown, MI 46679', '163.433.47', 'considine.elta@example.com', '45bltoenohou', 0, '2006-05-13 00:37:19', '2015-09-05 13:37:58', '1973-05-31 18:37:21', 1, 0, 1),
(773, 'Lera Streich', 'Blanda Ltd', '699 Willis Spring\nNorth Aliya, LA 04232-6051', '0058589633', 'dbergstrom@example.com', '68lgzlzxgktv', 0, '2008-03-27 15:18:46', '2001-02-03 01:59:42', '1978-09-06 18:18:24', 1, 0, 1),
(774, 'Curt Schmidt MD', 'Sipes-Bernhard', '54898 Jazlyn Estate\nPort Michele, IL 66549-1418', '(239)378-7', 'alfreda09@example.org', '89hepjzzpcfw', 0, '1981-01-09 03:19:47', '1987-04-02 21:17:47', '2017-05-22 12:22:17', 1, 1, 1),
(776, 'Violette Johns MD', 'Botsford and Sons', '64361 Gaylord Club\nPort Tommieborough, AK 59438-0109', '1-981-217-', 'sofia57@example.com', '45uwlpjrlsqb', 0, '1996-09-20 05:12:20', '1990-08-17 11:51:52', '1997-03-28 03:39:19', 1, 0, 0),
(778, 'Eulah Hodkiewicz', 'Rice, Monahan and Effertz', '340 Shanahan View\nEast Schuylerton, SC 25535-6957', '0481028354', 'ollie89@example.org', '91rvtdpkumjp', 0, '1975-08-14 05:38:33', '2009-05-18 18:13:57', '1991-02-12 14:02:34', 0, 0, 1),
(779, 'Peyton Reichert', 'Schinner and Sons', '681 Heather Fords\nEast Retta, CT 27728', '(427)610-4', 'ihaley@example.org', '25ctwbqstoib', 0, '1986-12-22 09:11:50', '2015-10-12 19:41:39', '2016-04-22 00:21:03', 0, 0, 1),
(780, 'Gretchen Beer', 'Hayes, Heaney and Okuneva', '1713 Rosina Square\nBartellhaven, ND 00015-7739', '964.515.11', 'brook.reynolds@example.org', '18rwuxrqahrc', 0, '1987-02-01 03:37:17', '2018-10-06 09:34:37', '1992-11-29 10:12:35', 1, 1, 1),
(784, 'Ian Gerlach', 'Cole Ltd', '114 Weber Station Suite 685\nNorth Marshallport, ME 02910', '092-511-38', 'hrath@example.org', '47nesheolhox', 0, '1979-10-18 08:29:04', '2013-12-13 04:40:22', '1970-10-21 20:22:52', 0, 1, 0),
(786, 'Emma Shields', 'Lesch LLC', '21426 Crona Curve Apt. 211\nPort Casimer, OR 00967-4546', '478-692-16', 'saul03@example.com', '42kiscdkseim', 0, '2014-06-25 19:39:16', '1978-10-30 16:42:59', '1975-07-18 13:19:42', 1, 1, 1),
(787, 'Araceli Pouros III', 'Schaden, Maggio and Powlowski', '1297 David Avenue Suite 785\nHackettfort, OK 03548-1676', '(656)080-2', 'jast.alda@example.com', '13oxqcurpjwx', 0, '1990-07-25 13:48:37', '2017-08-31 11:17:00', '2018-04-06 08:27:57', 1, 0, 0),
(791, 'Forest Labadie', 'Ebert-Fritsch', '4314 Lera Lock\nTaniaport, HI 39952-4554', '633.275.91', 'tyler.quitzon@example.org', '15asaivwonex', 0, '1973-04-21 19:10:29', '1970-07-05 19:31:22', '1980-07-08 09:26:09', 1, 1, 1),
(792, 'Ian Baumbach', 'Gaylord-Prosacco', '92813 Marcelino Terrace\nWest Cale, LA 37354-6828', '551-342-67', 'lisa.terry@example.net', '90tzoyricqqz', 0, '2000-07-24 18:26:05', '2006-07-22 20:45:11', '1990-11-07 20:42:05', 0, 1, 0),
(793, 'Addison Kutch', 'Barton-Jones', '1440 Nayeli Lane\nMcDermottburgh, NJ 40383', '1-792-642-', 'gkoss@example.net', '52jjgqrzkusf', 0, '1974-12-04 23:55:32', '2014-01-28 01:19:23', '1998-10-27 22:45:46', 1, 1, 0),
(794, 'Janae Dickens', 'Crist PLC', '638 Chasity Forges Suite 618\nMireilleville, IL 54148', '464-437-71', 'rhauck@example.org', '74gsnenqkhuf', 0, '2007-03-20 05:27:35', '1976-09-18 19:53:17', '1986-12-03 08:48:16', 0, 1, 0),
(796, 'Dr. Dave Gutkowski', 'Abshire Inc', '884 Grayce Hills\nMoniqueshire, OH 77068-9726', '0461661744', 'ruthie.doyle@example.com', '42jbdqfkitlb', 0, '1987-05-12 03:02:47', '1971-05-01 18:35:06', '2006-01-16 05:00:53', 0, 0, 0),
(797, 'Polly Fisher', 'Greenholt, Goodwin and Nicolas', '892 Kuvalis Underpass Apt. 474\nNorth Albina, WA 29045-9105', '648.032.72', 'bartoletti.rey@example.com', '83lzapukyyuw', 0, '2018-12-25 22:21:12', '1983-05-08 03:10:57', '2013-05-05 02:52:14', 1, 0, 1),
(798, 'Ken Willms III', 'Cassin, Stamm and Ritchie', '73273 Keeling Walk Suite 306\nTheodorechester, ID 12785', '(303)808-5', 'hettinger.carson@example.com', '35lfqheajnak', 0, '1986-03-05 12:32:35', '1998-04-13 04:55:20', '1989-12-03 10:31:22', 1, 1, 1),
(799, 'Dr. Angel Howell', 'Hegmann-Stiedemann', '9816 Emelia Plaza Apt. 804\nEmeraldborough, NC 79224-3635', '+32(7)3592', 'geoffrey31@example.net', '16vzuxknimvz', 0, '2018-06-11 04:52:21', '2015-06-21 20:31:54', '1988-02-19 16:10:19', 0, 0, 1),
(800, 'Zoie Gulgowski', 'Leffler and Sons', '5420 Runolfsdottir Shoal\nEast Greggmouth, NJ 32036', '181-382-77', 'morar.judd@example.org', '13cvwhnysuwf', 0, '1991-09-04 19:45:09', '1987-10-20 07:03:10', '1993-08-03 16:46:47', 0, 1, 0),
(805, 'Helene Koelpin', 'Kessler, Sporer and Koss', '195 Hintz Green\nPort Lazaroside, CA 36171', '776-949-09', 'gwendolyn.hilpert@example.com', '94wxyxjriyut', 0, '1994-09-11 11:27:01', '2010-10-31 05:17:42', '2014-12-30 00:23:52', 0, 1, 1),
(806, 'Adell Eichmann', 'Funk-Schulist', '634 Jast Mountains\nPort Riley, WY 96119', '(026)206-2', 'kyla74@example.org', '35inlyettiie', 0, '1993-08-17 18:45:22', '2001-03-20 06:41:41', '1989-10-14 02:57:16', 1, 0, 0),
(809, 'Shanny Beahan V', 'Cronin, Koss and Bartell', '21334 Chasity Point\nEast Marlen, ME 10494', '1-724-582-', 'douglas.dennis@example.org', '00pgtywaqffp', 0, '1987-07-26 15:05:00', '1974-06-14 13:45:46', '1971-05-13 09:46:24', 1, 1, 1),
(810, 'Mr. Jonathan Bosco', 'Dicki Group', '93558 Myrna Flats\nWest Franz, MD 06662', '595.420.14', 'nolan.alva@example.com', '74ncklwmhwbk', 0, '1982-12-14 23:43:21', '2004-06-12 15:44:37', '2015-02-15 16:16:18', 0, 0, 0),
(811, 'Dessie Crooks', 'Orn-Langworth', '339 Aurelia Prairie Suite 863\nWest Reyes, WI 14465-1468', '809.813.93', 'demarco.rutherford@example.net', '81fisobqmdev', 0, '2002-02-22 15:18:28', '1989-08-10 22:56:33', '1986-03-19 21:53:36', 0, 1, 1),
(812, 'Prof. Lilly Schmidt', 'Grimes-Howe', '1540 Nikolaus Union Suite 043\nSouth Thelmaberg, CT 33453', '0537134339', 'amely.torp@example.org', '92qnpmsxbiii', 0, '1998-07-26 15:11:45', '2002-07-28 13:11:34', '2013-03-18 01:58:22', 0, 1, 0),
(816, 'Lukas Leuschke', 'Jacobs, Goldner and Upton', '72757 Ciara Camp Apt. 187\nDashawnfort, DC 65178', '0932947220', 'wilfredo.collins@example.com', '45cubqxylspg', 0, '1984-07-19 04:43:45', '1971-10-18 17:42:00', '2002-02-28 18:04:53', 1, 1, 1),
(817, 'Ms. Sheila Howell', 'Swift, Kohler and Smith', '756 Otho Falls\nAlvahchester, NE 36936', '(814)933-0', 'gerry53@example.net', '70kyslqnhtmu', 0, '2015-09-22 14:42:45', '2011-02-14 23:37:08', '1976-09-28 00:48:29', 1, 0, 0),
(819, 'Mr. Rod Senger', 'Denesik, Steuber and Bogan', '798 Fay Lock Suite 626\nDannyborough, ND 32026-1232', '430.052.17', 'thalia.hauck@example.net', '45uwykcukqsi', 0, '2001-11-01 19:30:13', '2009-08-18 17:41:46', '1979-05-04 23:25:45', 1, 1, 1),
(821, 'Marcella Hermiston', 'Graham, Reinger and Pouros', '163 Emile Parkway Apt. 874\nWest Keeganton, AR 60970', '583.511.44', 'collins.terry@example.org', '45mbfkedcyag', 0, '2013-11-02 07:12:50', '1981-06-14 18:43:52', '1988-04-10 10:23:45', 0, 1, 0),
(824, 'Ines Cormier', 'Skiles, DuBuque and Wisoky', '31336 Wilkinson Ramp\nLake Odiemouth, WA 04771-6577', '1-817-536-', 'ggraham@example.net', '37ttsbcjouim', 0, '1977-12-11 20:23:44', '1978-04-28 17:47:10', '1988-08-06 18:07:51', 0, 1, 1),
(825, 'Andres Gerlach', 'Schimmel Inc', '120 Trantow Islands\nEast Leannashire, MI 74882', '316-550-83', 'tyree32@example.org', '25awgxftsywf', 0, '2018-01-28 04:37:23', '2004-04-28 12:12:32', '2007-01-23 07:17:48', 0, 0, 1),
(828, 'Golda Hackett', 'Streich-Keebler', '43709 Raquel Ramp\nKadinfort, DE 60364', '303-917-87', 'cassin.karen@example.net', '05wjscshdbfp', 0, '2006-04-27 00:24:29', '2017-11-21 22:08:08', '1979-03-31 12:13:06', 1, 0, 1),
(829, 'Agnes Price', 'King-Strosin', '23901 Davis Court Apt. 173\nAureliachester, KS 76358-6473', '1-862-466-', 'kihn.madeline@example.com', '85qmrglxyotl', 0, '2015-08-23 17:28:36', '2005-08-09 05:31:42', '1970-02-10 19:13:04', 1, 0, 1),
(830, 'Hulda Heidenreich', 'Blick Inc', '87721 Ryder Viaduct\nWest Ryannfurt, MO 56490', '1-408-284-', 'mason91@example.com', '56uphkcxstcs', 0, '2001-08-04 08:13:51', '1999-04-17 10:30:20', '2002-04-06 03:46:35', 1, 0, 1),
(833, 'Jett Beier IV', 'Gerhold and Sons', '9320 Waelchi Parkway\nHeaneyhaven, SD 75500', '+19(7)9460', 'wglover@example.net', '57qjpbxdscbd', 0, '1986-12-22 04:33:24', '1999-08-20 14:20:43', '1974-11-24 01:31:02', 0, 0, 0),
(834, 'Mrs. Carrie Gleichner', 'Streich-Kirlin', '0017 Rosalinda Ports\nRomagueraland, KS 26578', '584-329-06', 'earlene.franecki@example.com', '54yeaequsczs', 0, '1998-12-09 18:04:00', '2010-07-20 14:44:56', '2005-04-13 21:31:43', 1, 0, 1),
(835, 'Oswald Swift', 'Batz-Pfeffer', '76096 Alexanne Club\nBernadinemouth, HI 83706', '063.081.00', 'bechtelar.janice@example.com', '02ocykdtasdf', 0, '2010-07-24 11:03:15', '2004-04-29 11:06:05', '1982-04-22 05:42:46', 1, 0, 1),
(837, 'Celia Morar V', 'Schowalter PLC', '089 Wilford Turnpike Suite 306\nMitchelfort, IN 88445', '1-049-644-', 'lenny.aufderhar@example.net', '36pquafbyhwa', 0, '2006-06-30 08:58:27', '1988-08-10 14:51:39', '1984-03-22 04:35:05', 1, 1, 0),
(840, 'Ms. Effie Bernhard', 'Dickens, Kling and Conn', '58029 Tierra Harbors\nMarquiseville, GA 87897-2752', '1-989-382-', 'xhermann@example.com', '85bsqsvzpuir', 0, '2006-08-10 12:01:51', '2014-03-16 11:23:01', '2011-03-10 11:08:01', 1, 0, 1),
(841, 'Mr. Oliver Harris MD', 'Kirlin Ltd', '23883 Claude Station Apt. 458\nNew Denis, MI 00368', '682.839.13', 'houston10@example.com', '19oqzqlmwiys', 0, '1991-08-14 03:01:41', '1998-08-17 20:34:20', '1974-08-18 20:23:00', 1, 0, 1),
(843, 'Mr. Kory Will III', 'Lakin PLC', '1169 Lisette Course\nWest Sandrine, MA 76329-8848', '248.671.59', 'rene42@example.com', '16wptzlkoqli', 0, '2016-05-19 22:42:21', '1993-03-14 06:10:59', '2001-08-30 04:50:03', 1, 1, 0),
(844, 'Adolfo Rice', 'Legros, Conroy and Jacobs', '5876 Kaylie Coves\nBoganberg, UT 65345-9380', '798-458-87', 'qtrantow@example.org', '04vdgbbvjjcs', 0, '2011-03-18 19:07:56', '1972-08-08 03:10:16', '2010-07-10 18:09:03', 1, 1, 1),
(845, 'Kristofer Kling', 'Heaney-Gaylord', '96379 Natasha Gateway Apt. 815\nWest Santinatown, NM 31533-9633', '1-874-576-', 'katrina.beer@example.com', '62uwbtgtrbys', 0, '2019-02-09 03:35:40', '1999-11-01 00:10:35', '2002-06-01 22:59:18', 0, 1, 0),
(847, 'Oren Volkman', 'Boyle PLC', '6692 Cydney Field\nCharleneberg, OK 25662', '626-109-02', 'trohan@example.net', '38ijwfhbrrzq', 0, '1974-07-30 02:49:38', '2007-01-02 14:43:57', '1987-06-04 10:37:06', 1, 0, 0),
(848, 'Simone Schneider I', 'Dach-VonRueden', '4604 Kunze Fields Suite 574\nMuellerton, DC 79650-9834', '728.289.91', 'cbarton@example.org', '94jnachbvwaa', 0, '2015-02-02 22:25:06', '1974-10-08 19:53:15', '2018-09-08 06:15:00', 0, 0, 1),
(854, 'Ms. Ashley Kautzer II', 'Effertz PLC', '43027 Keith Coves\nEast Fletcherfort, LA 56341-9902', '+99(9)0003', 'arne.mayert@example.com', '76cqxityncbl', 0, '1983-06-27 02:24:50', '1999-02-11 03:09:19', '1995-08-01 10:18:45', 0, 1, 1),
(856, 'Alyce Price', 'Koelpin-Fay', '73688 Kuhlman Coves Suite 378\nRyleyfort, FL 55299-1215', '(073)320-6', 'maeve.ledner@example.net', '75ohsvpxaugh', 0, '2019-01-04 08:24:46', '1982-04-18 13:26:25', '1979-09-18 18:03:07', 1, 0, 0),
(857, 'Lyda Prohaska MD', 'Kirlin-Lubowitz', '885 Annetta Villages\nNew Fredyfort, MO 82134-0146', '0482437129', 'zulauf.mabelle@example.net', '26vrlxesajyw', 0, '2002-06-13 23:29:11', '2010-07-12 19:07:51', '2014-10-07 00:29:52', 0, 1, 1),
(859, 'Ms. Maybell Vandervort DVM', 'Gaylord-Corwin', '3190 Bednar Canyon\nMcDermottland, FL 36814-5408', '1-901-616-', 'ally83@example.com', '17bnnqtrnbke', 0, '1993-07-27 17:31:17', '2014-01-21 09:44:11', '2002-06-27 04:49:36', 1, 1, 1),
(861, 'Queenie Raynor V', 'Stroman PLC', '5441 Goodwin Inlet Suite 426\nSouth Murphy, PA 49387', '1-828-084-', 'vivien98@example.com', '84ketpnybkbb', 0, '2015-03-04 21:48:34', '1980-10-19 00:34:08', '2012-11-14 15:00:31', 1, 0, 1),
(864, 'Ima Goldner', 'Blick, Heller and Altenwerth', '6397 Stewart Wall\nConnietown, ME 88110-8476', '527.825.73', 'ritchie.dayton@example.org', '09fezuqnishg', 0, '1989-04-12 13:27:29', '1975-10-08 14:49:53', '2007-03-18 21:45:29', 1, 1, 1),
(866, 'Tracy Howell I', 'Hodkiewicz-Carroll', '51325 Liza Port\nFunkchester, MO 48260', '(851)315-6', 'mertz.mortimer@example.net', '71oviwlmiyfn', 0, '2007-06-19 06:28:38', '1990-12-10 20:01:59', '2010-01-29 05:16:10', 0, 1, 0),
(867, 'Charley Predovic', 'Turcotte-Conroy', '8499 Lynch Loop Apt. 162\nYoshikobury, MI 74511-5265', '001-980-59', 'khalil.mitchell@example.org', '09rckwfbyfmv', 0, '2018-07-02 14:13:42', '2004-01-11 22:50:23', '1994-11-06 01:33:26', 0, 1, 0),
(870, 'Gina Schmitt', 'Stark, Langosh and Von', '414 Simonis Heights\nEast Macifort, MO 23543', '(462)467-1', 'zcronin@example.net', '47zgodtflfvw', 0, '1979-07-17 22:42:49', '2004-09-30 07:52:20', '2006-10-16 18:22:29', 1, 1, 0),
(872, 'Marcelina Johns', 'Runolfsdottir-Dare', '392 Durgan Locks\nWeissnattown, KS 35678', '1-344-077-', 'jace.o\'keefe@example.org', '35twgyplvwcl', 0, '2014-03-22 10:53:26', '2003-12-10 19:11:50', '1977-10-15 23:45:02', 1, 0, 1),
(873, 'Norma Gerhold', 'Boyle-Lehner', '0186 Buck Ford\nIsabelshire, DE 25822', '470.371.46', 'reilly.timmothy@example.com', '78nzxyqvdmdl', 0, '1972-11-14 05:45:22', '1973-01-25 22:55:31', '1991-05-30 12:18:49', 1, 1, 0),
(874, 'Elise Stiedemann', 'Breitenberg LLC', '32206 Kade Road Apt. 046\nNew Brittanyview, IL 18284-6146', '(368)405-3', 'raynor.delfina@example.org', '57ykhvfwofjb', 0, '2001-07-09 08:27:19', '2019-02-15 22:40:58', '1980-08-14 11:25:14', 1, 0, 1),
(876, 'Conrad Johns', 'Ebert LLC', '4498 Isaias Unions Apt. 096\nNew Estefania, NV 71853', '663-922-63', 'leland.gerlach@example.org', '34oumpejzygk', 0, '1979-10-11 04:32:33', '2007-03-20 04:59:33', '1974-03-12 01:03:14', 0, 0, 0),
(877, 'Verna Bernier PhD', 'Dickens and Sons', '157 Sibyl Vista\nHesselland, NV 01231', '1-640-305-', 'kiarra.collier@example.com', '15vgjtjyhsnq', 0, '1995-12-05 04:22:48', '2013-08-16 18:30:00', '1979-05-18 04:53:59', 1, 0, 0),
(879, 'Carmine Homenick', 'Fay-McLaughlin', '70019 Sadie Parkways\nPansyhaven, IL 79026-1012', '492-475-98', 'monique.satterfield@example.net', '23ctovgesmcs', 0, '2002-06-09 06:39:48', '1978-07-23 17:22:03', '1973-03-22 10:42:20', 0, 1, 0),
(881, 'Felipa Feil', 'Labadie Ltd', '0787 Marcella Garden\nLake Gordon, AL 66745-7046', '257.987.67', 'erna19@example.com', '27twwuaddpqv', 0, '1976-09-08 20:44:55', '2015-01-30 21:25:11', '1975-11-30 18:17:14', 0, 0, 1),
(882, 'Aurelia Bashirian', 'Becker-Flatley', '848 Quinn Flats Suite 739\nErikaville, FL 53693-1680', '0923144800', 'anabelle.bartoletti@example.net', '96aqzwqbcklr', 0, '2013-01-22 09:19:57', '1972-08-03 21:26:56', '2004-06-05 07:54:54', 0, 0, 0),
(883, 'Nickolas Altenwerth DDS', 'Heller-Russel', '515 Isac Flat Suite 555\nNew Mattieside, CT 55012-3360', '115-167-33', 'heller.ronaldo@example.org', '63ezeujmhjuv', 0, '2018-12-31 20:03:59', '1972-04-18 19:29:24', '1992-02-21 06:47:40', 0, 0, 0),
(884, 'Mrs. Annetta West Sr.', 'Sipes Group', '4271 Johns Knolls Apt. 513\nKreigerview, IN 17307', '813-620-33', 'jerde.jordyn@example.net', '32xwkqqtacqq', 0, '2012-12-14 03:39:55', '1982-04-10 04:57:16', '2003-03-22 04:30:56', 1, 1, 1),
(886, 'Gilda Bode', 'O\'Conner LLC', '74929 Johnson Corner\nAniyaton, FL 16551', '311.759.35', 'ukovacek@example.net', '66qmmdfzguwv', 0, '1971-02-09 18:33:39', '2011-01-26 13:20:52', '1987-08-13 10:45:51', 0, 0, 1),
(887, 'Meda Hudson', 'Dach PLC', '403 Mayer Underpass Apt. 126\nWest Aylinberg, MI 61652', '0708150100', 'itorp@example.org', '42ilxkkbdloh', 0, '1997-02-01 16:13:04', '2000-03-02 10:50:23', '1971-08-06 23:28:18', 1, 0, 0),
(889, 'Quinn Kuphal', 'Willms-Roob', '507 Lindgren Estates\nGlovertown, NH 48417', '1-891-218-', 'kristian.cartwright@example.com', '69mkibqxlgdn', 0, '2016-07-03 10:41:18', '2016-06-12 02:02:03', '2000-03-24 20:27:04', 1, 0, 1),
(890, 'Dave Krajcik', 'Turner-Emard', '97247 Earlene Pine Apt. 480\nRowenaberg, TN 21299-0504', '1-739-097-', 'claude53@example.org', '48evrwsihjnm', 0, '1983-09-01 19:35:18', '1982-06-09 04:47:00', '1988-11-03 05:30:42', 1, 1, 1),
(892, 'Bridgette Balistreri', 'Quigley, Ziemann and Connelly', '2901 Raphael Coves\nJerdeland, UT 87486-2374', '(653)585-9', 'oscar36@example.net', '60gecavelnuy', 0, '2000-10-26 21:15:28', '2011-01-02 05:36:54', '1988-03-01 07:45:13', 1, 1, 0),
(895, 'Prof. Myah McDermott', 'Bartell-Considine', '23835 Bailey Stream\nStiedemannstad, AZ 89309', '468-544-28', 'leta32@example.org', '76lvdiryphbk', 0, '2014-11-26 16:35:05', '2012-10-25 16:47:07', '1989-04-12 14:38:14', 1, 1, 0),
(897, 'Joelle Cartwright', 'Kihn, Willms and Kassulke', '4161 Nichole Mountains Suite 051\nWolffside, AZ 94930-0642', '1-373-278-', 'dorothea53@example.org', '88isnbnoujmz', 0, '2008-12-09 00:31:17', '1975-02-12 10:26:36', '1972-07-19 06:36:35', 1, 1, 0),
(901, 'Karl Ratke PhD', 'Stoltenberg-Robel', '3232 Trey Prairie\nSouth Milotown, MI 61575', '(109)301-0', 'pcarroll@example.org', '16thprhvpada', 0, '1983-10-01 17:56:34', '2006-10-15 22:07:37', '2011-06-16 05:17:09', 0, 1, 0),
(907, 'Miss Christina Prosacco PhD', 'Hessel, Lueilwitz and Buckridge', '769 Emil Grove\nLockmanbury, WV 48155', '+86(4)0363', 'wortiz@example.net', '14dazajwvarf', 0, '1984-03-11 13:38:52', '1998-08-11 07:55:44', '2002-05-07 16:02:31', 1, 1, 1),
(910, 'Lelia Bernier II', 'Mayer-Skiles', '8771 Weissnat Highway Apt. 730\nNorth Valentin, RI 95982-1264', '(542)800-9', 'kevon.douglas@example.com', '92pcbapzmzxq', 0, '2001-12-11 16:35:03', '1977-05-22 19:17:51', '1998-06-25 15:13:57', 0, 0, 0),
(911, 'Summer Kuphal', 'Renner and Sons', '22718 Gayle Fort Apt. 874\nHeaneyshire, VA 20742-2222', '449.435.21', 'gemmerich@example.com', '24lkvnkgwgna', 0, '1978-05-17 05:11:54', '2017-09-02 20:55:37', '1988-02-21 00:48:39', 1, 1, 1),
(912, 'Rosemarie Smith', 'Daniel-Schiller', '5486 Graham Meadows Apt. 958\nBrandtborough, UT 76066-1400', '0471447197', 'abernathy.devin@example.net', '87djeeefgeop', 0, '1985-07-13 11:09:55', '2008-01-19 13:52:00', '2014-07-01 06:12:49', 1, 0, 0),
(913, 'Dr. Ava Rowe IV', 'Pfannerstill-Gorczany', '68278 Effie Plaza Apt. 129\nLake Leonardmouth, LA 48090-7377', '+78(4)4324', 'shanelle.gislason@example.com', '87waqkwtoqvz', 0, '1986-10-01 17:39:43', '1973-11-02 07:48:25', '2010-07-27 01:07:23', 0, 0, 0),
(914, 'Alexandrea Monahan', 'Brown, Hodkiewicz and Schuppe', '88108 Orn Heights Suite 346\nKendrafort, ME 32385', '1-047-976-', 'ova32@example.org', '62wvbeypuqhd', 0, '1993-08-23 03:46:18', '2012-04-16 16:30:56', '1976-05-23 01:21:05', 1, 0, 1),
(916, 'Ottilie Lang', 'Wisozk-Gleichner', '40272 Blanda Fort\nNorth Wilbertville, CO 13766', '+53(1)0758', 'rath.denis@example.net', '44ehzsdnfnek', 0, '1980-12-26 04:29:30', '1976-05-19 03:33:19', '1989-04-24 06:19:55', 1, 0, 1),
(917, 'Bernie Smith', 'Ebert and Sons', '2281 Lawson Path Suite 481\nLangworthmouth, TX 10485', '(531)797-6', 'rempel.imogene@example.net', '65yyyhsirmif', 0, '2000-09-21 02:48:59', '1987-11-09 05:21:52', '2001-07-25 02:23:24', 0, 0, 0),
(918, 'Dr. Isai Weimann', 'Vandervort, Kiehn and Kuhn', '9281 Muriel Ferry\nLake Emilie, OH 54045-9071', '300.314.14', 'loyal.armstrong@example.org', '51seebpbaqbh', 0, '1993-07-12 08:00:07', '2000-04-09 03:02:23', '1976-11-24 05:47:07', 1, 0, 0),
(919, 'Albertha Yost', 'Blick-Morar', '875 Edd Brooks Apt. 275\nNorth Prudence, OH 25955', '135.574.52', 'dawson68@example.com', '24hqhpepanjh', 0, '1982-02-27 16:18:18', '2001-12-06 09:02:52', '1985-01-23 12:06:24', 0, 0, 0),
(920, 'Ransom Kling', 'Hayes, Ward and Hane', '7160 Bradtke Points Apt. 870\nNorth Amanda, CA 52098-7990', '(669)356-0', 'destin.johns@example.net', '35xzfvsvcmwa', 0, '1991-10-16 20:14:05', '2016-04-19 07:06:06', '1993-01-30 15:54:51', 1, 0, 1),
(922, 'Mrs. Aniya McLaughlin', 'Yost-Schaden', '9593 Bayer Isle\nWest Ella, GA 35335', '950-510-20', 'mrutherford@example.org', '52pjbmwlwdfj', 0, '2007-04-25 16:24:06', '1973-11-25 12:08:57', '1988-11-07 03:55:22', 0, 0, 1),
(923, 'Daryl Okuneva', 'Smith, Abernathy and Schamberger', '78188 Swift Course\nFritschton, UT 92346', '540.585.45', 'lstanton@example.com', '75sjpqqzlipq', 0, '1997-09-24 10:54:25', '1995-12-08 00:09:21', '1998-05-08 00:34:25', 0, 0, 1),
(924, 'Elian Breitenberg', 'Wilkinson, O\'Conner and Kris', '498 Gottlieb Orchard\nKemmermouth, CA 85846', '281.421.23', 'pacocha.jude@example.com', '51mbrowtlwwx', 0, '1977-01-02 06:14:02', '2011-03-06 04:16:13', '2001-09-18 08:15:32', 0, 1, 1),
(928, 'Katlynn Bosco', 'Eichmann and Sons', '19417 Leopoldo Shoals\nSouth Christopfurt, FL 49209-9750', '1-705-263-', 'swaniawski.tristin@example.org', '30saciievpcm', 0, '1984-07-13 23:48:26', '2000-08-15 19:49:11', '1992-03-22 09:15:37', 0, 1, 1),
(929, 'Prof. Blair Spinka', 'Gleichner, Mayert and Lubowitz', '754 Watsica Estate Suite 315\nDaughertyfurt, DE 19804', '209.698.04', 'vtoy@example.com', '11xobmrkhlgu', 0, '1998-12-25 18:41:29', '1973-05-17 08:57:01', '1984-01-16 15:50:29', 0, 1, 1);
INSERT INTO `suppliers` (`supplier_id`, `supplier_name`, `supplier_shopname`, `supplier_address`, `supplier_contact`, `supplier_email`, `gst_no`, `deleted`, `created_at`, `updated_at`, `deleted_at`, `created_by`, `updated_by`, `deleted_by`) VALUES
(931, 'Myrna Daugherty DDS', 'Pfannerstill-Spencer', '70273 Mayer Summit\nRavenmouth, IN 15778-9735', '(503)507-1', 'dmitchell@example.com', '84uuhmkzllxb', 0, '1996-10-18 15:14:15', '1994-11-04 02:02:52', '1982-04-14 21:21:49', 1, 0, 0),
(933, 'Maribel Moore', 'Gorczany Group', '2739 Wisoky Junctions Apt. 787\nSouth Maximusport, MT 69398-3806', '1-957-785-', 'koby71@example.org', '40ovponhbogk', 0, '1997-03-01 20:08:27', '1978-11-14 15:42:44', '1983-07-06 18:28:45', 1, 0, 1),
(935, 'Dr. Evie Stark DVM', 'Orn-Bergnaum', '1788 Hal Highway\nNorth Khalilside, NM 29381-5390', '615.676.41', 'tkrajcik@example.com', '26tzbzrhhpuu', 0, '1995-10-06 00:09:15', '2006-06-24 18:20:35', '2000-06-05 00:15:42', 0, 1, 1),
(937, 'Elvis Lindgren', 'Rodriguez-Quitzon', '445 Ora Spur Suite 595\nKyleeborough, MN 61497', '1-864-205-', 'estefania96@example.net', '09wlbyegoasa', 0, '1971-02-03 11:02:06', '2001-03-28 02:20:47', '1997-03-27 20:50:19', 0, 0, 0),
(938, 'Cheyanne Beatty', 'Ferry, Senger and Gutmann', '11373 Dietrich Centers\nDietrichfort, MA 76517-7586', '1-091-038-', 'rebekah.weber@example.net', '75nsowrjjcvw', 0, '1999-05-12 11:02:55', '2005-08-23 12:01:22', '2000-02-14 03:05:13', 1, 0, 0),
(939, 'Ms. Emilia Rolfson', 'Schaefer-Medhurst', '092 Lind Isle Apt. 290\nNorth Lavern, WI 43909', '(344)907-9', 'uframi@example.net', '88aeqgfsbyeu', 0, '1975-02-28 02:54:10', '1977-01-28 16:00:52', '1989-01-01 22:29:57', 0, 0, 1),
(940, 'Tommie Langworth Sr.', 'Schmeler LLC', '4342 Sporer Falls\nMauriciotown, MO 49706', '182-033-68', 'carlie.koepp@example.org', '75veoeahskjn', 0, '1978-06-30 19:42:09', '2006-03-26 12:34:05', '2014-06-08 22:50:52', 0, 0, 0),
(942, 'Mr. Alec Brakus IV', 'Ritchie-Schuppe', '631 Schneider Passage\nJasttown, VA 20512', '332.383.34', 'nelle.rosenbaum@example.org', '39jixwggswyp', 0, '1970-02-25 16:55:34', '1993-03-19 21:01:22', '2012-05-01 04:31:29', 0, 0, 0),
(946, 'Giuseppe O\'Reilly', 'Turcotte Inc', '63740 Randi Extension Suite 696\nPort Gabriellaport, WI 81649-9118', '0152748568', 'neoma.hudson@example.net', '68wcqgqoodbv', 0, '1993-02-07 13:05:39', '2001-06-20 01:02:55', '1976-11-29 22:05:48', 0, 1, 1),
(949, 'Kian Johnson', 'Stanton-Mueller', '471 Dimitri Stream\nIdellbury, DE 54099-9768', '770-652-49', 'zieme.korbin@example.net', '55syylcxbsgk', 0, '1978-12-07 09:30:27', '2018-09-05 02:14:18', '1992-11-13 02:38:18', 0, 0, 1),
(952, 'Bridgette Huels', 'Hodkiewicz LLC', '5664 Satterfield Junctions\nHerzogstad, GA 56637-8835', '(108)085-0', 'jritchie@example.net', '77yfesghecoh', 0, '2013-12-31 15:11:14', '1983-02-16 14:44:42', '2003-09-28 17:16:11', 0, 0, 1),
(953, 'Kiera Dicki', 'Hayes-Rohan', '686 Turcotte Junctions\nCummeratamouth, WY 06315-9192', '221.178.81', 'hirthe.mittie@example.net', '50nlnyccygzh', 0, '2000-02-07 17:27:01', '2005-03-02 22:37:44', '1980-05-10 06:17:13', 0, 1, 1),
(954, 'Jada Hickle', 'Sporer-Carter', '87834 Bogisich Harbor Apt. 657\nFrancisstad, HI 91829', '328-285-63', 'yweimann@example.org', '93yuwrguatmp', 0, '2003-05-09 11:40:00', '1989-10-30 00:42:41', '1974-10-30 18:37:52', 1, 0, 0),
(956, 'Frida Tremblay', 'Doyle, Keeling and Wunsch', '2350 Horacio Drive\nEvangelineland, AZ 19696', '131-166-53', 'rolando.cassin@example.org', '75iwsurznzue', 0, '1991-01-29 20:10:37', '1976-02-18 06:22:18', '2000-05-03 07:30:59', 0, 1, 1),
(965, 'Caesar Hirthe', 'Kilback-Wehner', '73217 Duncan Heights Apt. 643\nDietrichstad, CA 95603', '(744)778-8', 'mohr.creola@example.org', '76bcdadyiceo', 0, '2003-11-08 10:41:58', '1993-03-22 05:20:03', '1992-10-10 11:23:31', 1, 1, 0),
(966, 'Ms. Rebeca Nicolas PhD', 'Howell-Collier', '127 Kayden Plaza\nCarloton, WY 51238-8033', '369.702.43', 'bruen.mateo@example.org', '56wkacxpvkwv', 0, '1981-04-03 20:40:48', '1998-02-11 22:20:18', '1984-06-24 11:44:21', 1, 0, 0),
(968, 'Walker Hermann', 'Harber Group', '329 Walter Radial Suite 919\nLake Eugenefort, VA 11888-0250', '002-745-25', 'lance.sanford@example.com', '62tpajflryia', 0, '1976-05-06 04:45:00', '2005-05-10 18:17:41', '2010-11-29 09:35:21', 0, 1, 1),
(969, 'Lester Langosh III', 'Walker, Hartmann and Bosco', '8136 Tromp Tunnel\nWaelchishire, MT 02050', '1-408-980-', 'curt85@example.org', '01ravlberjrm', 0, '2003-07-26 23:35:45', '1984-03-23 06:18:40', '1990-06-03 20:20:58', 0, 1, 0),
(970, 'Dolly Rogahn', 'Heathcote, Stokes and Collier', '3440 Runolfsdottir Ramp Suite 063\nNitzschechester, MA 00038', '646-575-43', 'polly73@example.net', '08lzudemwlxq', 0, '1973-10-15 03:22:31', '1984-08-10 21:52:01', '1993-06-12 14:49:50', 0, 0, 0),
(972, 'Oma Upton I', 'Padberg, O\'Connell and Hayes', '8539 Laisha Center\nBergstromton, IA 11157-7250', '(800)488-5', 'carol88@example.org', '69neqadqsovd', 0, '2014-05-12 05:07:15', '1970-04-27 14:20:10', '2000-08-29 10:40:17', 1, 1, 0),
(973, 'Mr. Dewayne Kreiger Sr.', 'Heidenreich PLC', '984 Will Hills Apt. 243\nEast Pinkieland, WA 71193', '1-196-054-', 'briana.runolfsdottir@example.com', '02mumapxmhdf', 0, '1988-09-29 21:14:29', '1979-02-08 22:40:04', '2012-06-24 00:31:32', 0, 0, 0),
(974, 'Mustafa Christiansen MD', 'Barrows, Kuvalis and White', '6863 Estevan Square\nWest Horaciomouth, ME 13089', '841.169.55', 'turner.leopoldo@example.net', '06ccwzvunkrn', 0, '1985-10-27 20:55:40', '1984-08-11 03:22:54', '1998-12-09 17:06:57', 0, 0, 0),
(977, 'Katharina Kuhic', 'Kemmer-Pfeffer', '4810 McLaughlin Radial\nD\'angeloshire, NH 02739', '860-933-32', 'magnolia.kuhlman@example.org', '76nbkecpqiwt', 0, '2014-05-15 07:39:17', '1987-08-29 01:17:52', '1995-02-24 09:36:38', 1, 0, 0),
(980, 'Prof. Daron Feest', 'Osinski-Green', '011 Ortiz Wells\nBaronmouth, CO 71602', '(206)608-9', 'conrad25@example.net', '26peounmrzvt', 0, '1974-06-09 16:14:15', '1992-09-16 16:41:01', '1995-01-30 01:40:47', 1, 1, 1),
(982, 'Leopoldo Goodwin', 'Murphy, Bruen and Lindgren', '8261 Goodwin Burgs\nNew Amos, MN 76718', '861-060-50', 'd\'amore.iva@example.org', '93ldgnbpusbr', 0, '2016-05-14 10:33:18', '2006-12-28 10:38:28', '1977-02-22 00:44:18', 0, 1, 1),
(983, 'Dr. Haskell Hagenes', 'Windler-Dibbert', '638 Aurelie Underpass\nRaufurt, AR 86374-3775', '(966)987-0', 'elliot25@example.com', '08xxujrmyjfn', 0, '1979-11-13 13:47:09', '2013-02-01 00:48:08', '1971-10-21 20:41:26', 1, 1, 1),
(985, 'Rashawn Corkery', 'Heaney, Will and Cummerata', '49771 Quitzon Islands\nLake Raheem, NH 76634', '(688)467-7', 'fboyer@example.net', '59uldlwoftct', 0, '1988-04-13 10:56:43', '2015-08-30 10:32:15', '2003-09-27 07:20:07', 1, 0, 1),
(990, 'Prof. Westley Heaney', 'Swift Ltd', '18396 Wunsch Meadow Suite 074\nDiamondfurt, MD 67279', '053-181-16', 'bettie.breitenberg@example.com', '55fbznpjaytx', 0, '2017-07-22 02:29:40', '1990-04-25 05:53:36', '2018-06-20 08:17:24', 1, 0, 0),
(992, 'Malinda Kuhn', 'Christiansen, Reichert and Effertz', '9795 Athena Isle\nFarrellburgh, GA 56000', '+33(3)9113', 'ggulgowski@example.org', '51dttkrxkvdm', 0, '1984-04-05 17:26:54', '2009-04-17 10:59:50', '2016-12-14 06:39:18', 0, 0, 1),
(994, 'Sibyl Legros', 'Wunsch-Bode', '44172 Louie Square\nPort Immanuelmouth, CO 90719', '1-285-900-', 'jconnelly@example.com', '87kawtktrmzi', 0, '2010-09-08 14:10:30', '2005-10-18 04:02:07', '1996-03-11 20:21:32', 1, 0, 0),
(997, 'Mrs. Jordane Lindgren V', 'Hahn Inc', '42568 Bogan Skyway\nJackelinebury, KS 08952', '(755)679-7', 'dubuque.zora@example.org', '70kfvlczzgyh', 0, '2006-04-19 08:59:48', '2010-07-31 17:31:16', '2001-07-07 07:35:23', 1, 1, 1),
(998, 'Dr. Jay Konopelski', 'Hahn-Medhurst', '646 Hilton Terrace Suite 034\nHartmannburgh, IL 09563-8290', '146-672-18', 'aisha.hermann@example.org', '84yzvkswzmur', 0, '1976-12-17 00:16:55', '2007-03-16 17:34:24', '2016-11-20 12:38:56', 0, 0, 1),
(999, 'Prof. Wayne Herzog', 'Block-Hoppe', '83594 Rice Coves\nLinneamouth, CA 84950', '(253)865-2', 'kendra.monahan@example.com', '91kkflthxjyg', 0, '2009-04-29 15:33:43', '2017-08-20 09:38:38', '1978-10-19 08:32:13', 1, 0, 0),
(1001, 'Sunil Jain', 'Sakshi Jewellwers', 'Address', '852419630', 'jainshailesh91@gmail.com', '1234rfdgf', 0, '2019-05-04 00:26:00', '0000-00-00 00:00:00', '0000-00-00 00:00:00', 0, 0, 0);

-- --------------------------------------------------------

--
-- Table structure for table `users`
--

CREATE TABLE `users` (
  `user_id` int(11) NOT NULL,
  `username` varchar(255) NOT NULL,
  `user_contact` varchar(10) NOT NULL,
  `user_email` varchar(255) NOT NULL,
  `user_address` text NOT NULL,
  `role_id` int(11) NOT NULL,
  `password` varchar(255) NOT NULL,
  `deleted` int(1) NOT NULL DEFAULT '0',
  `created_at` datetime NOT NULL DEFAULT CURRENT_TIMESTAMP,
  `updated_at` datetime NOT NULL,
  `deleted_at` datetime NOT NULL,
  `created_by` int(11) NOT NULL,
  `updated_by` int(11) NOT NULL,
  `deleted_by` int(11) NOT NULL
) ENGINE=InnoDB DEFAULT CHARSET=latin1;

--
-- Indexes for dumped tables
--

--
-- Indexes for table `categories`
--
ALTER TABLE `categories`
  ADD PRIMARY KEY (`category_id`);

--
-- Indexes for table `customers`
--
ALTER TABLE `customers`
  ADD PRIMARY KEY (`customer_id`);

--
-- Indexes for table `gst`
--
ALTER TABLE `gst`
  ADD PRIMARY KEY (`gst_id`);

--
-- Indexes for table `invoices`
--
ALTER TABLE `invoices`
  ADD PRIMARY KEY (`invoice_id`);

--
-- Indexes for table `invoice_product`
--
ALTER TABLE `invoice_product`
  ADD PRIMARY KEY (`invoice_id`,`product_id`);

--
-- Indexes for table `payments`
--
ALTER TABLE `payments`
  ADD PRIMARY KEY (`payment_id`);

--
-- Indexes for table `products`
--
ALTER TABLE `products`
  ADD PRIMARY KEY (`product_id`);

--
-- Indexes for table `purchases`
--
ALTER TABLE `purchases`
  ADD PRIMARY KEY (`purchase_id`);

--
-- Indexes for table `purchase_product`
--
ALTER TABLE `purchase_product`
  ADD PRIMARY KEY (`purchase_id`,`product_id`);

--
-- Indexes for table `roles`
--
ALTER TABLE `roles`
  ADD PRIMARY KEY (`role_id`);

--
-- Indexes for table `suppliers`
--
ALTER TABLE `suppliers`
  ADD PRIMARY KEY (`supplier_id`);

--
-- Indexes for table `users`
--
ALTER TABLE `users`
  ADD PRIMARY KEY (`user_id`);

--
-- AUTO_INCREMENT for dumped tables
--

--
-- AUTO_INCREMENT for table `categories`
--
ALTER TABLE `categories`
  MODIFY `category_id` int(11) NOT NULL AUTO_INCREMENT, AUTO_INCREMENT=7;

--
-- AUTO_INCREMENT for table `customers`
--
ALTER TABLE `customers`
  MODIFY `customer_id` int(11) NOT NULL AUTO_INCREMENT, AUTO_INCREMENT=1004;

--
-- AUTO_INCREMENT for table `gst`
--
ALTER TABLE `gst`
  MODIFY `gst_id` int(11) NOT NULL AUTO_INCREMENT, AUTO_INCREMENT=10;

--
-- AUTO_INCREMENT for table `invoices`
--
ALTER TABLE `invoices`
  MODIFY `invoice_id` int(11) NOT NULL AUTO_INCREMENT, AUTO_INCREMENT=14;

--
-- AUTO_INCREMENT for table `payments`
--
ALTER TABLE `payments`
  MODIFY `payment_id` int(11) NOT NULL AUTO_INCREMENT, AUTO_INCREMENT=19;

--
-- AUTO_INCREMENT for table `products`
--
ALTER TABLE `products`
  MODIFY `product_id` int(11) NOT NULL AUTO_INCREMENT, AUTO_INCREMENT=1016;

--
-- AUTO_INCREMENT for table `purchases`
--
ALTER TABLE `purchases`
  MODIFY `purchase_id` int(11) NOT NULL AUTO_INCREMENT, AUTO_INCREMENT=8;

--
-- AUTO_INCREMENT for table `roles`
--
ALTER TABLE `roles`
  MODIFY `role_id` int(11) NOT NULL AUTO_INCREMENT;

--
-- AUTO_INCREMENT for table `suppliers`
--
ALTER TABLE `suppliers`
  MODIFY `supplier_id` int(11) NOT NULL AUTO_INCREMENT, AUTO_INCREMENT=1002;

--
-- AUTO_INCREMENT for table `users`
--
ALTER TABLE `users`
  MODIFY `user_id` int(11) NOT NULL AUTO_INCREMENT;
COMMIT;

/*!40101 SET CHARACTER_SET_CLIENT=@OLD_CHARACTER_SET_CLIENT */;
/*!40101 SET CHARACTER_SET_RESULTS=@OLD_CHARACTER_SET_RESULTS */;
/*!40101 SET COLLATION_CONNECTION=@OLD_COLLATION_CONNECTION */;
